Device,IP,SysName,OutletID,OutletName,OutletStatus,OutletLoadStatus,OutletLoadValue,Est. BTU/hr
ServerTech 10.03.01-2,10.41.136.224,No response from remote host '10.41.136.224'
ServerTech 10.01.02,10.41.136.217,TX-HOUW1-SVT-48XLS-RR100102,AA1,FND-SI4G-1_PS1,on,normal,1.25,205
ServerTech 10.01.02,10.41.136.217,TX-HOUW1-SVT-48XLS-RR100102,AA2,JUN-SSG350-1,on,normal,1,164
ServerTech 10.01.02,10.41.136.217,TX-HOUW1-SVT-48XLS-RR100102,AA3,JUN-SSG350-3,on,normal,1.25,205
ServerTech 10.01.02,10.41.136.217,TX-HOUW1-SVT-48XLS-RR100102,AA4,CYC-RR100102-1_PS1,on,normal,0.25,41
ServerTech 10.01.02,10.41.136.217,TX-HOUW1-SVT-48XLS-RR100102,AA5,CYC-RR100102-2_PS1,on,normal,0.25,41
ServerTech 10.01.02,10.41.136.217,TX-HOUW1-SVT-48XLS-RR100102,AA6,JUN-EX4200-1.1_PS1-A,on,normal,0.75,123
ServerTech 10.01.02,10.41.136.217,TX-HOUW1-SVT-48XLS-RR100102,AA7,JUN-EX4200-1.1_PS2-A,on,normal,1.5,246
ServerTech 10.01.02,10.41.136.217,TX-HOUW1-SVT-48XLS-RR100102,AA8,JUN-EX4200-1.2_PS1-A,on,normal,0.75,123
ServerTech 10.01.02,10.41.136.217,TX-HOUW1-SVT-48XLS-RR100102,AB1,FND-SI4G-1_PS2,on,normal,0.75,123
ServerTech 10.01.02,10.41.136.217,TX-HOUW1-SVT-48XLS-RR100102,AB2,TowerA_InfeedB_Outlet2,off,notOn,0,0
ServerTech 10.01.02,10.41.136.217,TX-HOUW1-SVT-48XLS-RR100102,AB3,TowerA_InfeedB_Outlet3,off,notOn,0,0
ServerTech 10.01.02,10.41.136.217,TX-HOUW1-SVT-48XLS-RR100102,AB4,CYC-RR100102-1_PS2,on,normal,0.25,41
ServerTech 10.01.02,10.41.136.217,TX-HOUW1-SVT-48XLS-RR100102,AB5,CYC-RR100102-2_PS2,on,normal,0,0
ServerTech 10.01.02,10.41.136.217,TX-HOUW1-SVT-48XLS-RR100102,AB6,JUN-EX4200-1.1_PS1-B,on,normal,0.5,82
ServerTech 10.01.02,10.41.136.217,TX-HOUW1-SVT-48XLS-RR100102,AB7,JUN-EX4200-1.1_PS2-B,on,normal,1,164
ServerTech 10.01.02,10.41.136.217,TX-HOUW1-SVT-48XLS-RR100102,AB8,JUN-EX4200-1.2_PS1-B,on,normal,0.75,123
ServerTech 10.01.02,10.41.136.217,TX-HOUW1-SVT-48XLS-RR100102,BA1,JUN-EX4200-1.2_PS2-A,on,normal,0.75,123
ServerTech 10.01.02,10.41.136.217,TX-HOUW1-SVT-48XLS-RR100102,BA2,JUN-EX4200-1.3_PS1-A,on,normal,0.5,82
ServerTech 10.01.02,10.41.136.217,TX-HOUW1-SVT-48XLS-RR100102,BA3,JUN-EX4200-1.3_PS2-A,on,normal,0.75,123
ServerTech 10.01.02,10.41.136.217,TX-HOUW1-SVT-48XLS-RR100102,BA4,TowerB_InfeedA_Outlet4,off,notOn,0,0
ServerTech 10.01.02,10.41.136.217,TX-HOUW1-SVT-48XLS-RR100102,BA5,TowerB_InfeedA_Outlet5,off,notOn,0,0
ServerTech 10.01.02,10.41.136.217,TX-HOUW1-SVT-48XLS-RR100102,BA6,TowerB_InfeedA_Outlet6,off,notOn,0,0
ServerTech 10.01.02,10.41.136.217,TX-HOUW1-SVT-48XLS-RR100102,BA7,TowerB_InfeedA_Outlet7,off,notOn,0,0
ServerTech 10.01.02,10.41.136.217,TX-HOUW1-SVT-48XLS-RR100102,BA8,TowerB_InfeedA_Outlet8,off,notOn,0,0
ServerTech 10.01.02,10.41.136.217,TX-HOUW1-SVT-48XLS-RR100102,BB1,JUN-EX4200-1.2_PS2-B,on,normal,0.5,82
ServerTech 10.01.02,10.41.136.217,TX-HOUW1-SVT-48XLS-RR100102,BB2,JUN-EX4200-1.3_PS1-B,on,normal,0.5,82
ServerTech 10.01.02,10.41.136.217,TX-HOUW1-SVT-48XLS-RR100102,BB3,JUN-EX4200-1.3_PS2-B,on,normal,0.5,82
ServerTech 10.01.02,10.41.136.217,TX-HOUW1-SVT-48XLS-RR100102,BB4,TowerB_InfeedB_Outlet4,off,notOn,0,0
ServerTech 10.01.02,10.41.136.217,TX-HOUW1-SVT-48XLS-RR100102,BB5,TowerB_InfeedB_Outlet5,off,notOn,0,0
ServerTech 10.01.02,10.41.136.217,TX-HOUW1-SVT-48XLS-RR100102,BB6,TowerB_InfeedB_Outlet6,off,notOn,0,0
ServerTech 10.01.02,10.41.136.217,TX-HOUW1-SVT-48XLS-RR100102,BB7,TowerB_InfeedB_Outlet7,off,notOn,0,0
ServerTech 10.01.02,10.41.136.217,TX-HOUW1-SVT-48XLS-RR100102,BB8,TowerB_InfeedB_Outlet8,off,notOn,0,0
ServerTech 10.01.04,10.41.136.218,TX-HOUW1-SVT-48XLS-RR100104,AA1,FND-SI4G-2_PS1,on,normal,1,164
ServerTech 10.01.04,10.41.136.218,TX-HOUW1-SVT-48XLS-RR100104,AA2,JUN-NS-SSG350-2_PS1,on,normal,1.25,205
ServerTech 10.01.04,10.41.136.218,TX-HOUW1-SVT-48XLS-RR100104,AA3,JUN-NS-SSG350-4_PS1,on,normal,1.25,205
ServerTech 10.01.04,10.41.136.218,TX-HOUW1-SVT-48XLS-RR100104,AA4,CYC-RR100104.1_PS1,on,normal,0.25,41
ServerTech 10.01.04,10.41.136.218,TX-HOUW1-SVT-48XLS-RR100104,AA5,CYC-RR100104.2_PS1,on,normal,0.25,41
ServerTech 10.01.04,10.41.136.218,TX-HOUW1-SVT-48XLS-RR100104,AA6,JUN-EX4200-2.1_PS1A,on,normal,0.5,82
ServerTech 10.01.04,10.41.136.218,TX-HOUW1-SVT-48XLS-RR100104,AA7,JUN-EX4200-2.1_PS2A,on,normal,0.5,82
ServerTech 10.01.04,10.41.136.218,TX-HOUW1-SVT-48XLS-RR100104,AA8,JUN-EX4200-2.2_PS1A,on,normal,0.5,82
ServerTech 10.01.04,10.41.136.218,TX-HOUW1-SVT-48XLS-RR100104,AB1,FND-SI4G-2_PS2,on,normal,1,164
ServerTech 10.01.04,10.41.136.218,TX-HOUW1-SVT-48XLS-RR100104,AB2,TowerA_InfeedB_Outlet2,offError,normal,0,0
ServerTech 10.01.04,10.41.136.218,TX-HOUW1-SVT-48XLS-RR100104,AB3,TowerA_InfeedB_Outlet3,offError,normal,0,0
ServerTech 10.01.04,10.41.136.218,TX-HOUW1-SVT-48XLS-RR100104,AB4,CYC-RR100104.1_PS2,on,normal,0,0
ServerTech 10.01.04,10.41.136.218,TX-HOUW1-SVT-48XLS-RR100104,AB5,CYC-RR100104.2_PS2,on,normal,0,0
ServerTech 10.01.04,10.41.136.218,TX-HOUW1-SVT-48XLS-RR100104,AB6,JUN-EX4200-2.1_PS1B,on,normal,0.5,82
ServerTech 10.01.04,10.41.136.218,TX-HOUW1-SVT-48XLS-RR100104,AB7,JUN-EX4200-2.1_PS2B,on,normal,0.5,82
ServerTech 10.01.04,10.41.136.218,TX-HOUW1-SVT-48XLS-RR100104,AB8,JUN-EX4200-2.2_PS1B,on,normal,0.75,123
ServerTech 10.01.04,10.41.136.218,TX-HOUW1-SVT-48XLS-RR100104,BA1,JUN-EX4200-2.2_PS2A,on,normal,1,164
ServerTech 10.01.04,10.41.136.218,TX-HOUW1-SVT-48XLS-RR100104,BA2,JUN-EX4200-2.3_PS1A,on,normal,0.5,82
ServerTech 10.01.04,10.41.136.218,TX-HOUW1-SVT-48XLS-RR100104,BA3,JUN-EX4200-2.3_PS2A,on,normal,0.75,123
ServerTech 10.01.04,10.41.136.218,TX-HOUW1-SVT-48XLS-RR100104,BA4,TowerB_InfeedA_Outlet4,off,notOn,0,0
ServerTech 10.01.04,10.41.136.218,TX-HOUW1-SVT-48XLS-RR100104,BA5,TowerB_InfeedA_Outlet5,off,notOn,0,0
ServerTech 10.01.04,10.41.136.218,TX-HOUW1-SVT-48XLS-RR100104,BA6,TowerB_InfeedA_Outlet6,off,notOn,0,0
ServerTech 10.01.04,10.41.136.218,TX-HOUW1-SVT-48XLS-RR100104,BA7,TowerB_InfeedA_Outlet7,off,notOn,0,0
ServerTech 10.01.04,10.41.136.218,TX-HOUW1-SVT-48XLS-RR100104,BA8,TowerB_InfeedA_Outlet8,off,notOn,0,0
ServerTech 10.01.04,10.41.136.218,TX-HOUW1-SVT-48XLS-RR100104,BB1,JUN-EX4200-2.2_PS2B,on,normal,0.75,123
ServerTech 10.01.04,10.41.136.218,TX-HOUW1-SVT-48XLS-RR100104,BB2,JUN-EX4200-2.3_PS1B,on,normal,0.25,41
ServerTech 10.01.04,10.41.136.218,TX-HOUW1-SVT-48XLS-RR100104,BB3,JUN-EX4200-2.3_PS2B,on,normal,0.75,123
ServerTech 10.01.04,10.41.136.218,TX-HOUW1-SVT-48XLS-RR100104,BB4,TowerB_InfeedB_Outlet4,off,notOn,0,0
ServerTech 10.01.04,10.41.136.218,TX-HOUW1-SVT-48XLS-RR100104,BB5,TowerB_InfeedB_Outlet5,off,notOn,0,0
ServerTech 10.01.04,10.41.136.218,TX-HOUW1-SVT-48XLS-RR100104,BB6,TowerB_InfeedB_Outlet6,off,notOn,0,0
ServerTech 10.01.04,10.41.136.218,TX-HOUW1-SVT-48XLS-RR100104,BB7,TowerB_InfeedB_Outlet7,off,notOn,0,0
ServerTech 10.01.04,10.41.136.218,TX-HOUW1-SVT-48XLS-RR100104,BB8,TowerB_InfeedB_Outlet8,off,notOn,0,0
ServerTech 10.02.03,10.41.136.219,TX-HOUW1-SVT-48XLS-RR100203,AA1,SUN-T2000-EMS-1_PS1,on,normal,2,328
ServerTech 10.02.03,10.41.136.219,TX-HOUW1-SVT-48XLS-RR100203,AA2,TowerA_InfeedA_Outlet2,off,notOn,0,0
ServerTech 10.02.03,10.41.136.219,TX-HOUW1-SVT-48XLS-RR100203,AA3,TowerA_InfeedA_Outlet3,off,notOn,0,0
ServerTech 10.02.03,10.41.136.219,TX-HOUW1-SVT-48XLS-RR100203,AA4,TowerA_InfeedA_Outlet4,off,notOn,0,0
ServerTech 10.02.03,10.41.136.219,TX-HOUW1-SVT-48XLS-RR100203,AA5,TowerA_InfeedA_Outlet5,off,notOn,0,0
ServerTech 10.02.03,10.41.136.219,TX-HOUW1-SVT-48XLS-RR100203,AA6,TowerA_InfeedA_Outlet6,off,notOn,0,0
ServerTech 10.02.03,10.41.136.219,TX-HOUW1-SVT-48XLS-RR100203,AA7,JUN-EX4200-2.1_PS2A,on,normal,0.5,82
ServerTech 10.02.03,10.41.136.219,TX-HOUW1-SVT-48XLS-RR100203,AA8,JUN-EX4200-2.2_PS1A,on,normal,0.5,82
ServerTech 10.02.03,10.41.136.219,TX-HOUW1-SVT-48XLS-RR100203,AB1,SUN-T2000-EMS-1_PS2,on,normal,2,328
ServerTech 10.02.03,10.41.136.219,TX-HOUW1-SVT-48XLS-RR100203,AB2,TowerA_InfeedB_Outlet2,off,notOn,0,0
ServerTech 10.02.03,10.41.136.219,TX-HOUW1-SVT-48XLS-RR100203,AB3,TowerA_InfeedB_Outlet3,off,notOn,0,0
ServerTech 10.02.03,10.41.136.219,TX-HOUW1-SVT-48XLS-RR100203,AB4,TowerA_InfeedB_Outlet4,off,notOn,0,0
ServerTech 10.02.03,10.41.136.219,TX-HOUW1-SVT-48XLS-RR100203,AB5,TowerA_InfeedB_Outlet5,off,notOn,0,0
ServerTech 10.02.03,10.41.136.219,TX-HOUW1-SVT-48XLS-RR100203,AB6,TowerA_InfeedB_Outlet6,off,notOn,0,0
ServerTech 10.02.03,10.41.136.219,TX-HOUW1-SVT-48XLS-RR100203,AB7,JUN-EX4200-2.1_PS2B,on,normal,0.5,82
ServerTech 10.02.03,10.41.136.219,TX-HOUW1-SVT-48XLS-RR100203,AB8,JUN-EX4200-2.2_PS1B,on,normal,0.75,123
ServerTech 10.02.03,10.41.136.219,TX-HOUW1-SVT-48XLS-RR100203,BA1,JUN-EX4200-2.2_PS2A,on,normal,1,164
ServerTech 10.02.03,10.41.136.219,TX-HOUW1-SVT-48XLS-RR100203,BA2,JUN-EX4200-2.3_PS1A,on,normal,0.5,82
ServerTech 10.02.03,10.41.136.219,TX-HOUW1-SVT-48XLS-RR100203,BA3,JUN-EX4200-2.3_PS2A,on,normal,0.75,123
ServerTech 10.02.03,10.41.136.219,TX-HOUW1-SVT-48XLS-RR100203,BA4,TowerB_InfeedA_Outlet4,off,notOn,0,0
ServerTech 10.02.03,10.41.136.219,TX-HOUW1-SVT-48XLS-RR100203,BA5,TowerB_InfeedA_Outlet5,off,notOn,0,0
ServerTech 10.02.03,10.41.136.219,TX-HOUW1-SVT-48XLS-RR100203,BA6,TowerB_InfeedA_Outlet6,off,notOn,0,0
ServerTech 10.02.03,10.41.136.219,TX-HOUW1-SVT-48XLS-RR100203,BA7,TowerB_InfeedA_Outlet7,off,notOn,0,0
ServerTech 10.02.03,10.41.136.219,TX-HOUW1-SVT-48XLS-RR100203,BA8,TowerB_InfeedA_Outlet8,off,notOn,0,0
ServerTech 10.02.03,10.41.136.219,TX-HOUW1-SVT-48XLS-RR100203,BB1,JUN-EX4200-2.2_PS2B,on,normal,0.75,123
ServerTech 10.02.03,10.41.136.219,TX-HOUW1-SVT-48XLS-RR100203,BB2,JUN-EX4200-2.3_PS1B,on,normal,0.25,41
ServerTech 10.02.03,10.41.136.219,TX-HOUW1-SVT-48XLS-RR100203,BB3,JUN-EX4200-2.3_PS2B,on,normal,0.75,123
ServerTech 10.02.03,10.41.136.219,TX-HOUW1-SVT-48XLS-RR100203,BB4,TowerB_InfeedB_Outlet4,off,notOn,0,0
ServerTech 10.02.03,10.41.136.219,TX-HOUW1-SVT-48XLS-RR100203,BB5,TowerB_InfeedB_Outlet5,off,notOn,0,0
ServerTech 10.02.03,10.41.136.219,TX-HOUW1-SVT-48XLS-RR100203,BB6,TowerB_InfeedB_Outlet6,off,notOn,0,0
ServerTech 10.02.03,10.41.136.219,TX-HOUW1-SVT-48XLS-RR100203,BB7,TowerB_InfeedB_Outlet7,off,notOn,0,0
ServerTech 10.02.03,10.41.136.219,TX-HOUW1-SVT-48XLS-RR100203,BB8,TowerB_InfeedB_Outlet8,off,notOn,0,0
ServerTech 10.02.04,10.41.136.220,TX-HOUW1-SVT-48XLS-RR100204,AA1,SUN-T200-EMS-2-PS1,on,normal,2.25,369
ServerTech 10.02.04,10.41.136.220,TX-HOUW1-SVT-48XLS-RR100204,AA2,TowerA_InfeedA_Outlet2,off,notOn,0,0
ServerTech 10.02.04,10.41.136.220,TX-HOUW1-SVT-48XLS-RR100204,AA3,TowerA_InfeedA_Outlet3,off,notOn,0,0
ServerTech 10.02.04,10.41.136.220,TX-HOUW1-SVT-48XLS-RR100204,AA4,TowerA_InfeedA_Outlet4,off,notOn,0,0
ServerTech 10.02.04,10.41.136.220,TX-HOUW1-SVT-48XLS-RR100204,AA5,TowerA_InfeedA_Outlet5,off,notOn,0,0
ServerTech 10.02.04,10.41.136.220,TX-HOUW1-SVT-48XLS-RR100204,AA6,TowerA_InfeedA_Outlet6,off,notOn,0,0
ServerTech 10.02.04,10.41.136.220,TX-HOUW1-SVT-48XLS-RR100204,AA7,JUN-EX4200-2.1_PS2A,on,normal,0.5,82
ServerTech 10.02.04,10.41.136.220,TX-HOUW1-SVT-48XLS-RR100204,AA8,JUN-EX4200-2.2_PS1A,on,normal,0.5,82
ServerTech 10.02.04,10.41.136.220,TX-HOUW1-SVT-48XLS-RR100204,AB1,SUN-T200-EMS-2-PS2,on,normal,2,328
ServerTech 10.02.04,10.41.136.220,TX-HOUW1-SVT-48XLS-RR100204,AB2,TowerA_InfeedB_Outlet2,off,notOn,0,0
ServerTech 10.02.04,10.41.136.220,TX-HOUW1-SVT-48XLS-RR100204,AB3,TowerA_InfeedB_Outlet3,off,notOn,0,0
ServerTech 10.02.04,10.41.136.220,TX-HOUW1-SVT-48XLS-RR100204,AB4,TowerA_InfeedB_Outlet4,off,notOn,0,0
ServerTech 10.02.04,10.41.136.220,TX-HOUW1-SVT-48XLS-RR100204,AB5,TowerA_InfeedB_Outlet5,off,notOn,0,0
ServerTech 10.02.04,10.41.136.220,TX-HOUW1-SVT-48XLS-RR100204,AB6,TowerA_InfeedB_Outlet6,off,notOn,0,0
ServerTech 10.02.04,10.41.136.220,TX-HOUW1-SVT-48XLS-RR100204,AB7,JUN-EX4200-2.1_PS2B,on,normal,0.5,82
ServerTech 10.02.04,10.41.136.220,TX-HOUW1-SVT-48XLS-RR100204,AB8,JUN-EX4200-2.2_PS1B,on,normal,0.75,123
ServerTech 10.02.04,10.41.136.220,TX-HOUW1-SVT-48XLS-RR100204,BA1,JUN-EX4200-2.2_PS2A,on,normal,1,164
ServerTech 10.02.04,10.41.136.220,TX-HOUW1-SVT-48XLS-RR100204,BA2,JUN-EX4200-2.3_PS1A,on,normal,0.5,82
ServerTech 10.02.04,10.41.136.220,TX-HOUW1-SVT-48XLS-RR100204,BA3,JUN-EX4200-2.3_PS2A,on,normal,0.75,123
ServerTech 10.02.04,10.41.136.220,TX-HOUW1-SVT-48XLS-RR100204,BA4,TowerB_InfeedA_Outlet4,off,notOn,0,0
ServerTech 10.02.04,10.41.136.220,TX-HOUW1-SVT-48XLS-RR100204,BA5,TowerB_InfeedA_Outlet5,off,notOn,0,0
ServerTech 10.02.04,10.41.136.220,TX-HOUW1-SVT-48XLS-RR100204,BA6,TowerB_InfeedA_Outlet6,off,notOn,0,0
ServerTech 10.02.04,10.41.136.220,TX-HOUW1-SVT-48XLS-RR100204,BA7,TowerB_InfeedA_Outlet7,off,notOn,0,0
ServerTech 10.02.04,10.41.136.220,TX-HOUW1-SVT-48XLS-RR100204,BA8,TowerB_InfeedA_Outlet8,off,notOn,0,0
ServerTech 10.02.04,10.41.136.220,TX-HOUW1-SVT-48XLS-RR100204,BB1,JUN-EX4200-2.2_PS2B,on,normal,0.75,123
ServerTech 10.02.04,10.41.136.220,TX-HOUW1-SVT-48XLS-RR100204,BB2,JUN-EX4200-2.3_PS1B,on,normal,0.25,41
ServerTech 10.02.04,10.41.136.220,TX-HOUW1-SVT-48XLS-RR100204,BB3,JUN-EX4200-2.3_PS2B,on,normal,0.75,123
ServerTech 10.02.04,10.41.136.220,TX-HOUW1-SVT-48XLS-RR100204,BB4,TowerB_InfeedB_Outlet4,off,notOn,0,0
ServerTech 10.02.04,10.41.136.220,TX-HOUW1-SVT-48XLS-RR100204,BB5,TowerB_InfeedB_Outlet5,off,notOn,0,0
ServerTech 10.02.04,10.41.136.220,TX-HOUW1-SVT-48XLS-RR100204,BB6,TowerB_InfeedB_Outlet6,off,notOn,0,0
ServerTech 10.02.04,10.41.136.220,TX-HOUW1-SVT-48XLS-RR100204,BB7,TowerB_InfeedB_Outlet7,off,notOn,0,0
ServerTech 10.02.04,10.41.136.220,TX-HOUW1-SVT-48XLS-RR100204,BB8,TowerB_InfeedB_Outlet8,off,notOn,0,0
ServerTech 10.02.07,10.41.136.221,TX-HOUW1-SVT-48XLS-RR100207,AA1,TowerA_InfeedA_Outlet1,off,notOn,0,0
ServerTech 10.02.07,10.41.136.221,TX-HOUW1-SVT-48XLS-RR100207,AA2,TowerA_InfeedA_Outlet2,off,notOn,0,0
ServerTech 10.02.07,10.41.136.221,TX-HOUW1-SVT-48XLS-RR100207,AA3,TowerA_InfeedA_Outlet3,off,notOn,0,0
ServerTech 10.02.07,10.41.136.221,TX-HOUW1-SVT-48XLS-RR100207,AA4,TowerA_InfeedA_Outlet4,off,notOn,0,0
ServerTech 10.02.07,10.41.136.221,TX-HOUW1-SVT-48XLS-RR100207,AA5,TowerA_InfeedA_Outlet5,off,notOn,0,0
ServerTech 10.02.07,10.41.136.221,TX-HOUW1-SVT-48XLS-RR100207,AA6,TowerA_InfeedA_Outlet6,off,notOn,0,0
ServerTech 10.02.07,10.41.136.221,TX-HOUW1-SVT-48XLS-RR100207,AA7,JUN-EX4200-2.1_PS2A,on,normal,0.5,82
ServerTech 10.02.07,10.41.136.221,TX-HOUW1-SVT-48XLS-RR100207,AA8,JUN-EX4200-2.2_PS1A,on,normal,0.5,82
ServerTech 10.02.07,10.41.136.221,TX-HOUW1-SVT-48XLS-RR100207,AB1,TowerA_InfeedB_Outlet1,off,notOn,0,0
ServerTech 10.02.07,10.41.136.221,TX-HOUW1-SVT-48XLS-RR100207,AB2,TowerA_InfeedB_Outlet2,off,notOn,0,0
ServerTech 10.02.07,10.41.136.221,TX-HOUW1-SVT-48XLS-RR100207,AB3,TowerA_InfeedB_Outlet3,off,notOn,0,0
ServerTech 10.02.07,10.41.136.221,TX-HOUW1-SVT-48XLS-RR100207,AB4,TowerA_InfeedB_Outlet4,off,notOn,0,0
ServerTech 10.02.07,10.41.136.221,TX-HOUW1-SVT-48XLS-RR100207,AB5,TowerA_InfeedB_Outlet5,off,notOn,0,0
ServerTech 10.02.07,10.41.136.221,TX-HOUW1-SVT-48XLS-RR100207,AB6,TowerA_InfeedB_Outlet6,off,notOn,0,0
ServerTech 10.02.07,10.41.136.221,TX-HOUW1-SVT-48XLS-RR100207,AB7,JUN-EX4200-2.1_PS2B,on,normal,0.5,82
ServerTech 10.02.07,10.41.136.221,TX-HOUW1-SVT-48XLS-RR100207,AB8,JUN-EX4200-2.2_PS1B,on,normal,0.75,123
ServerTech 10.02.07,10.41.136.221,TX-HOUW1-SVT-48XLS-RR100207,BA1,JUN-EX4200-2.2_PS2A,on,normal,1,164
ServerTech 10.02.07,10.41.136.221,TX-HOUW1-SVT-48XLS-RR100207,BA2,JUN-EX4200-2.3_PS1A,on,normal,0.5,82
ServerTech 10.02.07,10.41.136.221,TX-HOUW1-SVT-48XLS-RR100207,BA3,JUN-EX4200-2.3_PS2A,on,normal,0.75,123
ServerTech 10.02.07,10.41.136.221,TX-HOUW1-SVT-48XLS-RR100207,BA4,TowerB_InfeedA_Outlet4,off,notOn,0,0
ServerTech 10.02.07,10.41.136.221,TX-HOUW1-SVT-48XLS-RR100207,BA5,TowerB_InfeedA_Outlet5,off,notOn,0,0
ServerTech 10.02.07,10.41.136.221,TX-HOUW1-SVT-48XLS-RR100207,BA6,TowerB_InfeedA_Outlet6,off,notOn,0,0
ServerTech 10.02.07,10.41.136.221,TX-HOUW1-SVT-48XLS-RR100207,BA7,TowerB_InfeedA_Outlet7,off,notOn,0,0
ServerTech 10.02.07,10.41.136.221,TX-HOUW1-SVT-48XLS-RR100207,BA8,TowerB_InfeedA_Outlet8,off,notOn,0,0
ServerTech 10.02.07,10.41.136.221,TX-HOUW1-SVT-48XLS-RR100207,BB1,JUN-EX4200-2.2_PS2B,on,normal,0.75,123
ServerTech 10.02.07,10.41.136.221,TX-HOUW1-SVT-48XLS-RR100207,BB2,JUN-EX4200-2.3_PS1B,on,normal,0.25,41
ServerTech 10.02.07,10.41.136.221,TX-HOUW1-SVT-48XLS-RR100207,BB3,JUN-EX4200-2.3_PS2B,on,normal,0.75,123
ServerTech 10.02.07,10.41.136.221,TX-HOUW1-SVT-48XLS-RR100207,BB4,TowerB_InfeedB_Outlet4,off,notOn,0,0
ServerTech 10.02.07,10.41.136.221,TX-HOUW1-SVT-48XLS-RR100207,BB5,TowerB_InfeedB_Outlet5,off,notOn,0,0
ServerTech 10.02.07,10.41.136.221,TX-HOUW1-SVT-48XLS-RR100207,BB6,TowerB_InfeedB_Outlet6,off,notOn,0,0
ServerTech 10.02.07,10.41.136.221,TX-HOUW1-SVT-48XLS-RR100207,BB7,TowerB_InfeedB_Outlet7,off,notOn,0,0
ServerTech 10.02.07,10.41.136.221,TX-HOUW1-SVT-48XLS-RR100207,BB8,TowerB_InfeedB_Outlet8,off,notOn,0,0
ServerTech 10.02.08,10.41.136.222,TX-HOUW1-SVT-48XLS-RR100208,AA1,TowerA_InfeedA_Outlet1,off,notOn,0,0
ServerTech 10.02.08,10.41.136.222,TX-HOUW1-SVT-48XLS-RR100208,AA2,TowerA_InfeedA_Outlet2,off,notOn,0,0
ServerTech 10.02.08,10.41.136.222,TX-HOUW1-SVT-48XLS-RR100208,AA3,TowerA_InfeedA_Outlet3,off,notOn,0,0
ServerTech 10.02.08,10.41.136.222,TX-HOUW1-SVT-48XLS-RR100208,AA4,TowerA_InfeedA_Outlet4,off,notOn,0,0
ServerTech 10.02.08,10.41.136.222,TX-HOUW1-SVT-48XLS-RR100208,AA5,TowerA_InfeedA_Outlet5,off,notOn,0,0
ServerTech 10.02.08,10.41.136.222,TX-HOUW1-SVT-48XLS-RR100208,AA6,TowerA_InfeedA_Outlet6,off,notOn,0,0
ServerTech 10.02.08,10.41.136.222,TX-HOUW1-SVT-48XLS-RR100208,AA7,JUN-EX4200-2.1_PS2A,on,normal,0.5,82
ServerTech 10.02.08,10.41.136.222,TX-HOUW1-SVT-48XLS-RR100208,AA8,JUN-EX4200-2.2_PS1A,on,normal,0.5,82
ServerTech 10.02.08,10.41.136.222,TX-HOUW1-SVT-48XLS-RR100208,AB1,TowerA_InfeedB_Outlet1,off,notOn,0,0
ServerTech 10.02.08,10.41.136.222,TX-HOUW1-SVT-48XLS-RR100208,AB2,TowerA_InfeedB_Outlet2,off,notOn,0,0
ServerTech 10.02.08,10.41.136.222,TX-HOUW1-SVT-48XLS-RR100208,AB3,TowerA_InfeedB_Outlet3,off,notOn,0,0
ServerTech 10.02.08,10.41.136.222,TX-HOUW1-SVT-48XLS-RR100208,AB4,TowerA_InfeedB_Outlet4,off,notOn,0,0
ServerTech 10.02.08,10.41.136.222,TX-HOUW1-SVT-48XLS-RR100208,AB5,TowerA_InfeedB_Outlet5,off,notOn,0,0
ServerTech 10.02.08,10.41.136.222,TX-HOUW1-SVT-48XLS-RR100208,AB6,TowerA_InfeedB_Outlet6,off,notOn,0,0
ServerTech 10.02.08,10.41.136.222,TX-HOUW1-SVT-48XLS-RR100208,AB7,JUN-EX4200-2.1_PS2B,on,normal,0.5,82
ServerTech 10.02.08,10.41.136.222,TX-HOUW1-SVT-48XLS-RR100208,AB8,JUN-EX4200-2.2_PS1B,on,normal,0.75,123
ServerTech 10.02.08,10.41.136.222,TX-HOUW1-SVT-48XLS-RR100208,BA1,JUN-EX4200-2.2_PS2A,on,normal,1,164
ServerTech 10.02.08,10.41.136.222,TX-HOUW1-SVT-48XLS-RR100208,BA2,JUN-EX4200-2.3_PS1A,on,normal,0.5,82
ServerTech 10.02.08,10.41.136.222,TX-HOUW1-SVT-48XLS-RR100208,BA3,JUN-EX4200-2.3_PS2A,on,normal,0.75,123
ServerTech 10.02.08,10.41.136.222,TX-HOUW1-SVT-48XLS-RR100208,BA4,TowerB_InfeedA_Outlet4,off,notOn,0,0
ServerTech 10.02.08,10.41.136.222,TX-HOUW1-SVT-48XLS-RR100208,BA5,TowerB_InfeedA_Outlet5,off,notOn,0,0
ServerTech 10.02.08,10.41.136.222,TX-HOUW1-SVT-48XLS-RR100208,BA6,TowerB_InfeedA_Outlet6,off,notOn,0,0
ServerTech 10.02.08,10.41.136.222,TX-HOUW1-SVT-48XLS-RR100208,BA7,TowerB_InfeedA_Outlet7,off,notOn,0,0
ServerTech 10.02.08,10.41.136.222,TX-HOUW1-SVT-48XLS-RR100208,BA8,TowerB_InfeedA_Outlet8,off,notOn,0,0
ServerTech 10.02.08,10.41.136.222,TX-HOUW1-SVT-48XLS-RR100208,BB1,JUN-EX4200-2.2_PS2B,on,normal,0.75,123
ServerTech 10.02.08,10.41.136.222,TX-HOUW1-SVT-48XLS-RR100208,BB2,JUN-EX4200-2.3_PS1B,on,normal,0.25,41
ServerTech 10.02.08,10.41.136.222,TX-HOUW1-SVT-48XLS-RR100208,BB3,JUN-EX4200-2.3_PS2B,on,normal,0.75,123
ServerTech 10.02.08,10.41.136.222,TX-HOUW1-SVT-48XLS-RR100208,BB4,TowerB_InfeedB_Outlet4,off,notOn,0,0
ServerTech 10.02.08,10.41.136.222,TX-HOUW1-SVT-48XLS-RR100208,BB5,TowerB_InfeedB_Outlet5,off,notOn,0,0
ServerTech 10.02.08,10.41.136.222,TX-HOUW1-SVT-48XLS-RR100208,BB6,TowerB_InfeedB_Outlet6,off,notOn,0,0
ServerTech 10.02.08,10.41.136.222,TX-HOUW1-SVT-48XLS-RR100208,BB7,TowerB_InfeedB_Outlet7,off,notOn,0,0
ServerTech 10.02.08,10.41.136.222,TX-HOUW1-SVT-48XLS-RR100208,BB8,TowerB_InfeedB_Outlet8,off,notOn,0,0
ServerTech 10.03.01-1,10.41.136.223,TX-HOUW1-SVT-48XLS-RR100301-1,AA1,TowerA_InfeedA_Outlet1,off,notOn,0,0
ServerTech 10.03.01-1,10.41.136.223,TX-HOUW1-SVT-48XLS-RR100301-1,AA2,TowerA_InfeedA_Outlet2,off,notOn,0,0
ServerTech 10.03.01-1,10.41.136.223,TX-HOUW1-SVT-48XLS-RR100301-1,AA3,TowerA_InfeedA_Outlet3,off,notOn,0,0
ServerTech 10.03.01-1,10.41.136.223,TX-HOUW1-SVT-48XLS-RR100301-1,AA4,TowerA_InfeedA_Outlet4,off,notOn,0,0
ServerTech 10.03.01-1,10.41.136.223,TX-HOUW1-SVT-48XLS-RR100301-1,AA5,CIS-7609-1_PS1-A,on,normal,3,492
ServerTech 10.03.01-1,10.41.136.223,TX-HOUW1-SVT-48XLS-RR100301-1,AA6,CIS-7609-1_PS1-C,on,normal,3,492
ServerTech 10.03.01-1,10.41.136.223,TX-HOUW1-SVT-48XLS-RR100301-1,AA7,JUN-EX4200-2.1_PS2A,on,normal,0.5,82
ServerTech 10.03.01-1,10.41.136.223,TX-HOUW1-SVT-48XLS-RR100301-1,AA8,JUN-EX4200-2.2_PS1A,on,normal,0.5,82
ServerTech 10.03.01-1,10.41.136.223,TX-HOUW1-SVT-48XLS-RR100301-1,AB1,TowerA_InfeedB_Outlet1,off,notOn,0,0
ServerTech 10.03.01-1,10.41.136.223,TX-HOUW1-SVT-48XLS-RR100301-1,AB2,TowerA_InfeedB_Outlet2,off,notOn,0,0
ServerTech 10.03.01-1,10.41.136.223,TX-HOUW1-SVT-48XLS-RR100301-1,AB3,TowerA_InfeedB_Outlet3,off,notOn,0,0
ServerTech 10.03.01-1,10.41.136.223,TX-HOUW1-SVT-48XLS-RR100301-1,AB4,TowerA_InfeedB_Outlet4,off,notOn,0,0
ServerTech 10.03.01-1,10.41.136.223,TX-HOUW1-SVT-48XLS-RR100301-1,AB5,CIS-7609-1_PS2-A,on,normal,3,492
ServerTech 10.03.01-1,10.41.136.223,TX-HOUW1-SVT-48XLS-RR100301-1,AB6,CIS-7609-1_PS2-C,on,normal,3.5,574
ServerTech 10.03.01-1,10.41.136.223,TX-HOUW1-SVT-48XLS-RR100301-1,AB7,JUN-EX4200-2.1_PS2B,on,normal,0.5,82
ServerTech 10.03.01-1,10.41.136.223,TX-HOUW1-SVT-48XLS-RR100301-1,AB8,JUN-EX4200-2.2_PS1B,on,normal,0.75,123
ServerTech 10.03.01-1,10.41.136.223,TX-HOUW1-SVT-48XLS-RR100301-1,BA1,TowerB_InfeedA_Outlet1,off,notOn,0,0
ServerTech 10.03.01-1,10.41.136.223,TX-HOUW1-SVT-48XLS-RR100301-1,BA2,TowerB_InfeedA_Outlet2,off,notOn,0,0
ServerTech 10.03.01-1,10.41.136.223,TX-HOUW1-SVT-48XLS-RR100301-1,BA3,TowerB_InfeedA_Outlet3,off,notOn,0,0
ServerTech 10.03.01-1,10.41.136.223,TX-HOUW1-SVT-48XLS-RR100301-1,BA4,TowerB_InfeedA_Outlet4,off,notOn,0,0
ServerTech 10.03.01-1,10.41.136.223,TX-HOUW1-SVT-48XLS-RR100301-1,BA5,CIS-7609-1_PS1-B,on,normal,3,492
ServerTech 10.03.01-1,10.41.136.223,TX-HOUW1-SVT-48XLS-RR100301-1,BA6,CIS-7609-1_PS1-D,on,normal,3.5,574
ServerTech 10.03.01-1,10.41.136.223,TX-HOUW1-SVT-48XLS-RR100301-1,BA7,TowerB_InfeedA_Outlet7,off,notOn,0,0
ServerTech 10.03.01-1,10.41.136.223,TX-HOUW1-SVT-48XLS-RR100301-1,BA8,TowerB_InfeedA_Outlet8,off,notOn,0,0
ServerTech 10.03.01-1,10.41.136.223,TX-HOUW1-SVT-48XLS-RR100301-1,BB1,TowerB_InfeedB_Outlet1,off,notOn,0,0
ServerTech 10.03.01-1,10.41.136.223,TX-HOUW1-SVT-48XLS-RR100301-1,BB2,TowerB_InfeedB_Outlet2,off,notOn,0,0
ServerTech 10.03.01-1,10.41.136.223,TX-HOUW1-SVT-48XLS-RR100301-1,BB3,TowerB_InfeedB_Outlet3,off,notOn,0,0
ServerTech 10.03.01-1,10.41.136.223,TX-HOUW1-SVT-48XLS-RR100301-1,BB4,TowerB_InfeedB_Outlet4,off,notOn,0,0
ServerTech 10.03.01-1,10.41.136.223,TX-HOUW1-SVT-48XLS-RR100301-1,BB5,CIS-7609-1_PS2-B,on,normal,3,492
ServerTech 10.03.01-1,10.41.136.223,TX-HOUW1-SVT-48XLS-RR100301-1,BB6,CIS-7609-1_PS2-D,on,normal,3,492
ServerTech 10.03.01-1,10.41.136.223,TX-HOUW1-SVT-48XLS-RR100301-1,BB7,TowerB_InfeedB_Outlet7,off,notOn,0,0
ServerTech 10.03.01-1,10.41.136.223,TX-HOUW1-SVT-48XLS-RR100301-1,BB8,TowerB_InfeedB_Outlet8,off,notOn,0,0
ServerTech 10.03.02-1,10.41.136.225,TX-HOUW1-SVT-48XLS-RR100302-1,AA1,TowerA_InfeedA_Outlet1,off,notOn,0,0
ServerTech 10.03.02-1,10.41.136.225,TX-HOUW1-SVT-48XLS-RR100302-1,AA2,TowerA_InfeedA_Outlet2,off,notOn,0,0
ServerTech 10.03.02-1,10.41.136.225,TX-HOUW1-SVT-48XLS-RR100302-1,AA3,TowerA_InfeedA_Outlet3,off,notOn,0,0
ServerTech 10.03.02-1,10.41.136.225,TX-HOUW1-SVT-48XLS-RR100302-1,AA4,TowerA_InfeedA_Outlet4,off,notOn,0,0
ServerTech 10.03.02-1,10.41.136.225,TX-HOUW1-SVT-48XLS-RR100302-1,AA5,CIS-7609-2_PS1-A,on,normal,3,492
ServerTech 10.03.02-1,10.41.136.225,TX-HOUW1-SVT-48XLS-RR100302-1,AA6,CIS-7609-2_PS1-C,on,normal,3.5,574
ServerTech 10.03.02-1,10.41.136.225,TX-HOUW1-SVT-48XLS-RR100302-1,AA7,JUN-EX4200-2.1_PS2A,on,normal,0.5,82
ServerTech 10.03.02-1,10.41.136.225,TX-HOUW1-SVT-48XLS-RR100302-1,AA8,JUN-EX4200-2.2_PS1A,on,normal,0.5,82
ServerTech 10.03.02-1,10.41.136.225,TX-HOUW1-SVT-48XLS-RR100302-1,AB1,TowerA_InfeedB_Outlet1,off,notOn,0,0
ServerTech 10.03.02-1,10.41.136.225,TX-HOUW1-SVT-48XLS-RR100302-1,AB2,TowerA_InfeedB_Outlet2,off,notOn,0,0
ServerTech 10.03.02-1,10.41.136.225,TX-HOUW1-SVT-48XLS-RR100302-1,AB3,TowerA_InfeedB_Outlet3,off,notOn,0,0
ServerTech 10.03.02-1,10.41.136.225,TX-HOUW1-SVT-48XLS-RR100302-1,AB4,TowerA_InfeedB_Outlet4,off,notOn,0,0
ServerTech 10.03.02-1,10.41.136.225,TX-HOUW1-SVT-48XLS-RR100302-1,AB5,CIS-7609-2_PS2-A,on,normal,3.5,574
ServerTech 10.03.02-1,10.41.136.225,TX-HOUW1-SVT-48XLS-RR100302-1,AB6,CIS-7609-2_PS2-C,noComm,noComm,Fail,
ServerTech 10.03.02-1,10.41.136.225,TX-HOUW1-SVT-48XLS-RR100302-1,AB7,JUN-EX4200-2.1_PS2B,on,normal,0.5,82
ServerTech 10.03.02-1,10.41.136.225,TX-HOUW1-SVT-48XLS-RR100302-1,AB8,JUN-EX4200-2.2_PS1B,on,normal,0.75,123
ServerTech 10.03.02-1,10.41.136.225,TX-HOUW1-SVT-48XLS-RR100302-1,BA1,TowerB_InfeedA_Outlet1,off,notOn,0,0
ServerTech 10.03.02-1,10.41.136.225,TX-HOUW1-SVT-48XLS-RR100302-1,BA2,TowerB_InfeedA_Outlet2,off,notOn,0,0
ServerTech 10.03.02-1,10.41.136.225,TX-HOUW1-SVT-48XLS-RR100302-1,BA3,TowerB_InfeedA_Outlet3,off,notOn,0,0
ServerTech 10.03.02-1,10.41.136.225,TX-HOUW1-SVT-48XLS-RR100302-1,BA4,TowerB_InfeedA_Outlet4,off,notOn,0,0
ServerTech 10.03.02-1,10.41.136.225,TX-HOUW1-SVT-48XLS-RR100302-1,BA5,CIS-7609-2_PS1-B,on,normal,3,492
ServerTech 10.03.02-1,10.41.136.225,TX-HOUW1-SVT-48XLS-RR100302-1,BA6,CIS-7609-2_PS1-D,on,normal,3,492
ServerTech 10.03.02-1,10.41.136.225,TX-HOUW1-SVT-48XLS-RR100302-1,BA7,TowerB_InfeedA_Outlet7,off,notOn,0,0
ServerTech 10.03.02-1,10.41.136.225,TX-HOUW1-SVT-48XLS-RR100302-1,BA8,TowerB_InfeedA_Outlet8,off,notOn,0,0
ServerTech 10.03.02-1,10.41.136.225,TX-HOUW1-SVT-48XLS-RR100302-1,BB1,TowerB_InfeedB_Outlet1,off,notOn,0,0
ServerTech 10.03.02-1,10.41.136.225,TX-HOUW1-SVT-48XLS-RR100302-1,BB2,TowerB_InfeedB_Outlet2,off,notOn,0,0
ServerTech 10.03.02-1,10.41.136.225,TX-HOUW1-SVT-48XLS-RR100302-1,BB3,TowerB_InfeedB_Outlet3,off,notOn,0,0
ServerTech 10.03.02-1,10.41.136.225,TX-HOUW1-SVT-48XLS-RR100302-1,BB4,TowerB_InfeedB_Outlet4,off,notOn,0,0
ServerTech 10.03.02-1,10.41.136.225,TX-HOUW1-SVT-48XLS-RR100302-1,BB5,CIS-7609-2_PS2-B,on,normal,3,492
ServerTech 10.03.02-1,10.41.136.225,TX-HOUW1-SVT-48XLS-RR100302-1,BB6,CIS-7609-2_PS2-D,on,normal,3,492
ServerTech 10.03.02-1,10.41.136.225,TX-HOUW1-SVT-48XLS-RR100302-1,BB7,TowerB_InfeedB_Outlet7,off,notOn,0,0
ServerTech 10.03.02-1,10.41.136.225,TX-HOUW1-SVT-48XLS-RR100302-1,BB8,TowerB_InfeedB_Outlet8,off,notOn,0,0
ServerTech 10.03.02-2,10.41.136.226,TX-HOUW1-SVT-48XLS-RR100302-2,AA1,TowerA_InfeedA_Outlet1,off,notOn,0,0
ServerTech 10.03.02-2,10.41.136.226,TX-HOUW1-SVT-48XLS-RR100302-2,AA2,TowerA_InfeedA_Outlet2,off,notOn,0,0
ServerTech 10.03.02-2,10.41.136.226,TX-HOUW1-SVT-48XLS-RR100302-2,AA3,TowerA_InfeedA_Outlet3,off,notOn,0,0
ServerTech 10.03.02-2,10.41.136.226,TX-HOUW1-SVT-48XLS-RR100302-2,AA4,TowerA_InfeedA_Outlet4,off,notOn,0,0
ServerTech 10.03.02-2,10.41.136.226,TX-HOUW1-SVT-48XLS-RR100302-2,AA5,SDV-PTS-2_PS1,on,normal,5,820
ServerTech 10.03.02-2,10.41.136.226,TX-HOUW1-SVT-48XLS-RR100302-2,AA6,TowerA_InfeedA_Outlet6,off,notOn,0,0
ServerTech 10.03.02-2,10.41.136.226,TX-HOUW1-SVT-48XLS-RR100302-2,AA7,JUN-EX4200-2.1_PS2A,on,normal,0.5,82
ServerTech 10.03.02-2,10.41.136.226,TX-HOUW1-SVT-48XLS-RR100302-2,AA8,JUN-EX4200-2.2_PS1A,on,normal,0.5,82
ServerTech 10.03.02-2,10.41.136.226,TX-HOUW1-SVT-48XLS-RR100302-2,AB1,TowerA_InfeedB_Outlet1,off,notOn,0,0
ServerTech 10.03.02-2,10.41.136.226,TX-HOUW1-SVT-48XLS-RR100302-2,AB2,TowerA_InfeedB_Outlet2,off,notOn,0,0
ServerTech 10.03.02-2,10.41.136.226,TX-HOUW1-SVT-48XLS-RR100302-2,AB3,TowerA_InfeedB_Outlet3,off,notOn,0,0
ServerTech 10.03.02-2,10.41.136.226,TX-HOUW1-SVT-48XLS-RR100302-2,AB4,TowerA_InfeedB_Outlet4,off,notOn,0,0
ServerTech 10.03.02-2,10.41.136.226,TX-HOUW1-SVT-48XLS-RR100302-2,AB5,SDV-PTS-2_PS2,on,normal,6,984
ServerTech 10.03.02-2,10.41.136.226,TX-HOUW1-SVT-48XLS-RR100302-2,AB6,TowerA_InfeedB_Outlet6,off,notOn,0,0
ServerTech 10.03.02-2,10.41.136.226,TX-HOUW1-SVT-48XLS-RR100302-2,AB7,JUN-EX4200-2.1_PS2B,on,normal,0.5,82
ServerTech 10.03.02-2,10.41.136.226,TX-HOUW1-SVT-48XLS-RR100302-2,AB8,JUN-EX4200-2.2_PS1B,on,normal,0.75,123
ServerTech 10.03.02-2,10.41.136.226,TX-HOUW1-SVT-48XLS-RR100302-2,BA1,TowerB_InfeedA_Outlet1,off,notOn,0,0
ServerTech 10.03.02-2,10.41.136.226,TX-HOUW1-SVT-48XLS-RR100302-2,BA2,TowerB_InfeedA_Outlet2,off,notOn,0,0
ServerTech 10.03.02-2,10.41.136.226,TX-HOUW1-SVT-48XLS-RR100302-2,BA3,TowerB_InfeedA_Outlet3,off,notOn,0,0
ServerTech 10.03.02-2,10.41.136.226,TX-HOUW1-SVT-48XLS-RR100302-2,BA4,TowerB_InfeedA_Outlet4,off,notOn,0,0
ServerTech 10.03.02-2,10.41.136.226,TX-HOUW1-SVT-48XLS-RR100302-2,BA5,CIS-7609-2_PS1-B,on,normal,3,492
ServerTech 10.03.02-2,10.41.136.226,TX-HOUW1-SVT-48XLS-RR100302-2,BA6,CIS-7609-2_PS1-D,on,normal,3,492
ServerTech 10.03.02-2,10.41.136.226,TX-HOUW1-SVT-48XLS-RR100302-2,BA7,TowerB_InfeedA_Outlet7,off,notOn,0,0
ServerTech 10.03.02-2,10.41.136.226,TX-HOUW1-SVT-48XLS-RR100302-2,BA8,TowerB_InfeedA_Outlet8,off,notOn,0,0
ServerTech 10.03.02-2,10.41.136.226,TX-HOUW1-SVT-48XLS-RR100302-2,BB1,TowerB_InfeedB_Outlet1,off,notOn,0,0
ServerTech 10.03.02-2,10.41.136.226,TX-HOUW1-SVT-48XLS-RR100302-2,BB2,TowerB_InfeedB_Outlet2,off,notOn,0,0
ServerTech 10.03.02-2,10.41.136.226,TX-HOUW1-SVT-48XLS-RR100302-2,BB3,TowerB_InfeedB_Outlet3,off,notOn,0,0
ServerTech 10.03.02-2,10.41.136.226,TX-HOUW1-SVT-48XLS-RR100302-2,BB4,TowerB_InfeedB_Outlet4,off,notOn,0,0
ServerTech 10.03.02-2,10.41.136.226,TX-HOUW1-SVT-48XLS-RR100302-2,BB5,CIS-7609-2_PS2-B,on,normal,3,492
ServerTech 10.03.02-2,10.41.136.226,TX-HOUW1-SVT-48XLS-RR100302-2,BB6,CIS-7609-2_PS2-D,on,normal,3,492
ServerTech 10.03.02-2,10.41.136.226,TX-HOUW1-SVT-48XLS-RR100302-2,BB7,TowerB_InfeedB_Outlet7,off,notOn,0,0
ServerTech 10.03.02-2,10.41.136.226,TX-HOUW1-SVT-48XLS-RR100302-2,BB8,TowerB_InfeedB_Outlet8,off,notOn,0,0
ServerTech 10.03.03-1,10.41.136.227,TX-HOUW1-SVT-48XLS-RR100303-1,AA1,TowerA_InfeedA_Outlet1,off,notOn,0,0
ServerTech 10.03.03-1,10.41.136.227,TX-HOUW1-SVT-48XLS-RR100303-1,AA2,TowerA_InfeedA_Outlet2,off,notOn,0,0
ServerTech 10.03.03-1,10.41.136.227,TX-HOUW1-SVT-48XLS-RR100303-1,AA3,TowerA_InfeedA_Outlet3,off,notOn,0,0
ServerTech 10.03.03-1,10.41.136.227,TX-HOUW1-SVT-48XLS-RR100303-1,AA4,TowerA_InfeedA_Outlet4,off,notOn,0,0
ServerTech 10.03.03-1,10.41.136.227,TX-HOUW1-SVT-48XLS-RR100303-1,AA5,CIS-7609-3_PS1-A,on,normal,3,492
ServerTech 10.03.03-1,10.41.136.227,TX-HOUW1-SVT-48XLS-RR100303-1,AA6,CIS-7609-3_PS1-C,on,normal,3,492
ServerTech 10.03.03-1,10.41.136.227,TX-HOUW1-SVT-48XLS-RR100303-1,AA7,JUN-EX4200-2.1_PS2A,on,normal,0.5,82
ServerTech 10.03.03-1,10.41.136.227,TX-HOUW1-SVT-48XLS-RR100303-1,AA8,JUN-EX4200-2.2_PS1A,on,normal,0.5,82
ServerTech 10.03.03-1,10.41.136.227,TX-HOUW1-SVT-48XLS-RR100303-1,AB1,TowerA_InfeedB_Outlet1,off,notOn,0,0
ServerTech 10.03.03-1,10.41.136.227,TX-HOUW1-SVT-48XLS-RR100303-1,AB2,TowerA_InfeedB_Outlet2,off,notOn,0,0
ServerTech 10.03.03-1,10.41.136.227,TX-HOUW1-SVT-48XLS-RR100303-1,AB3,TowerA_InfeedB_Outlet3,off,notOn,0,0
ServerTech 10.03.03-1,10.41.136.227,TX-HOUW1-SVT-48XLS-RR100303-1,AB4,TowerA_InfeedB_Outlet4,off,notOn,0,0
ServerTech 10.03.03-1,10.41.136.227,TX-HOUW1-SVT-48XLS-RR100303-1,AB5,CIS-7609-3_PS2-A,on,normal,4,656
ServerTech 10.03.03-1,10.41.136.227,TX-HOUW1-SVT-48XLS-RR100303-1,AB6,CIS-7609-3_PS2-C,on,normal,3.5,574
ServerTech 10.03.03-1,10.41.136.227,TX-HOUW1-SVT-48XLS-RR100303-1,AB7,JUN-EX4200-2.1_PS2B,on,normal,0.5,82
ServerTech 10.03.03-1,10.41.136.227,TX-HOUW1-SVT-48XLS-RR100303-1,AB8,JUN-EX4200-2.2_PS1B,on,normal,0.75,123
ServerTech 10.03.03-1,10.41.136.227,TX-HOUW1-SVT-48XLS-RR100303-1,BA1,TowerB_InfeedA_Outlet1,off,notOn,0,0
ServerTech 10.03.03-1,10.41.136.227,TX-HOUW1-SVT-48XLS-RR100303-1,BA2,TowerB_InfeedA_Outlet2,off,notOn,0,0
ServerTech 10.03.03-1,10.41.136.227,TX-HOUW1-SVT-48XLS-RR100303-1,BA3,TowerB_InfeedA_Outlet3,off,notOn,0,0
ServerTech 10.03.03-1,10.41.136.227,TX-HOUW1-SVT-48XLS-RR100303-1,BA4,TowerB_InfeedA_Outlet4,off,notOn,0,0
ServerTech 10.03.03-1,10.41.136.227,TX-HOUW1-SVT-48XLS-RR100303-1,BA5,CIS-7609-3_PS1-B,on,normal,3,492
ServerTech 10.03.03-1,10.41.136.227,TX-HOUW1-SVT-48XLS-RR100303-1,BA6,CIS-7609-3_PS1-D,on,normal,3.5,574
ServerTech 10.03.03-1,10.41.136.227,TX-HOUW1-SVT-48XLS-RR100303-1,BA7,TowerB_InfeedA_Outlet7,off,notOn,0,0
ServerTech 10.03.03-1,10.41.136.227,TX-HOUW1-SVT-48XLS-RR100303-1,BA8,TowerB_InfeedA_Outlet8,off,notOn,0,0
ServerTech 10.03.03-1,10.41.136.227,TX-HOUW1-SVT-48XLS-RR100303-1,BB1,TowerB_InfeedB_Outlet1,off,notOn,0,0
ServerTech 10.03.03-1,10.41.136.227,TX-HOUW1-SVT-48XLS-RR100303-1,BB2,TowerB_InfeedB_Outlet2,off,notOn,0,0
ServerTech 10.03.03-1,10.41.136.227,TX-HOUW1-SVT-48XLS-RR100303-1,BB3,TowerB_InfeedB_Outlet3,off,notOn,0,0
ServerTech 10.03.03-1,10.41.136.227,TX-HOUW1-SVT-48XLS-RR100303-1,BB4,TowerB_InfeedB_Outlet4,off,notOn,0,0
ServerTech 10.03.03-1,10.41.136.227,TX-HOUW1-SVT-48XLS-RR100303-1,BB5,CIS-7609-3_PS2-B,on,normal,3.5,574
ServerTech 10.03.03-1,10.41.136.227,TX-HOUW1-SVT-48XLS-RR100303-1,BB6,CIS-7609-3_PS2-D,on,normal,3,492
ServerTech 10.03.03-1,10.41.136.227,TX-HOUW1-SVT-48XLS-RR100303-1,BB7,TowerB_InfeedB_Outlet7,off,notOn,0,0
ServerTech 10.03.03-1,10.41.136.227,TX-HOUW1-SVT-48XLS-RR100303-1,BB8,TowerB_InfeedB_Outlet8,off,notOn,0,0
ServerTech 10.03.03-2,10.41.136.228,TX-HOUW1-SVT-48XLS-RR100303-2,AA1,TowerA_InfeedA_Outlet1,off,notOn,0,0
ServerTech 10.03.03-2,10.41.136.228,TX-HOUW1-SVT-48XLS-RR100303-2,AA2,TowerA_InfeedA_Outlet2,off,notOn,0,0
ServerTech 10.03.03-2,10.41.136.228,TX-HOUW1-SVT-48XLS-RR100303-2,AA3,TowerA_InfeedA_Outlet3,off,notOn,0,0
ServerTech 10.03.03-2,10.41.136.228,TX-HOUW1-SVT-48XLS-RR100303-2,AA4,TowerA_InfeedA_Outlet4,off,notOn,0,0
ServerTech 10.03.03-2,10.41.136.228,TX-HOUW1-SVT-48XLS-RR100303-2,AA5,RBK-SE1200_PS-A1,on,normal,5,820
ServerTech 10.03.03-2,10.41.136.228,TX-HOUW1-SVT-48XLS-RR100303-2,AA6,TowerA_InfeedA_Outlet6,off,notOn,0,0
ServerTech 10.03.03-2,10.41.136.228,TX-HOUW1-SVT-48XLS-RR100303-2,AA7,JUN-EX4200-2.1_PS2A,on,normal,0.5,82
ServerTech 10.03.03-2,10.41.136.228,TX-HOUW1-SVT-48XLS-RR100303-2,AA8,JUN-EX4200-2.2_PS1A,on,normal,0.5,82
ServerTech 10.03.03-2,10.41.136.228,TX-HOUW1-SVT-48XLS-RR100303-2,AB1,TowerA_InfeedB_Outlet1,off,notOn,0,0
ServerTech 10.03.03-2,10.41.136.228,TX-HOUW1-SVT-48XLS-RR100303-2,AB2,TowerA_InfeedB_Outlet2,off,notOn,0,0
ServerTech 10.03.03-2,10.41.136.228,TX-HOUW1-SVT-48XLS-RR100303-2,AB3,TowerA_InfeedB_Outlet3,off,notOn,0,0
ServerTech 10.03.03-2,10.41.136.228,TX-HOUW1-SVT-48XLS-RR100303-2,AB4,TowerA_InfeedB_Outlet4,off,notOn,0,0
ServerTech 10.03.03-2,10.41.136.228,TX-HOUW1-SVT-48XLS-RR100303-2,AB5,RBK-SE1200-PS-B1,on,normal,5,820
ServerTech 10.03.03-2,10.41.136.228,TX-HOUW1-SVT-48XLS-RR100303-2,AB6,TowerA_InfeedB_Outlet6,off,notOn,0,0
ServerTech 10.03.03-2,10.41.136.228,TX-HOUW1-SVT-48XLS-RR100303-2,AB7,JUN-EX4200-2.1_PS2B,on,normal,0.5,82
ServerTech 10.03.03-2,10.41.136.228,TX-HOUW1-SVT-48XLS-RR100303-2,AB8,JUN-EX4200-2.2_PS1B,on,normal,0.75,123
ServerTech 10.03.03-2,10.41.136.228,TX-HOUW1-SVT-48XLS-RR100303-2,BA1,TowerB_InfeedA_Outlet1,off,notOn,0,0
ServerTech 10.03.03-2,10.41.136.228,TX-HOUW1-SVT-48XLS-RR100303-2,BA2,TowerB_InfeedA_Outlet2,off,notOn,0,0
ServerTech 10.03.03-2,10.41.136.228,TX-HOUW1-SVT-48XLS-RR100303-2,BA3,TowerB_InfeedA_Outlet3,off,notOn,0,0
ServerTech 10.03.03-2,10.41.136.228,TX-HOUW1-SVT-48XLS-RR100303-2,BA4,TowerB_InfeedA_Outlet4,off,notOn,0,0
ServerTech 10.03.03-2,10.41.136.228,TX-HOUW1-SVT-48XLS-RR100303-2,BA5,CIS-7609-3_PS1-B,on,normal,3,492
ServerTech 10.03.03-2,10.41.136.228,TX-HOUW1-SVT-48XLS-RR100303-2,BA6,CIS-7609-3_PS1-D,on,normal,3.5,574
ServerTech 10.03.03-2,10.41.136.228,TX-HOUW1-SVT-48XLS-RR100303-2,BA7,TowerB_InfeedA_Outlet7,off,notOn,0,0
ServerTech 10.03.03-2,10.41.136.228,TX-HOUW1-SVT-48XLS-RR100303-2,BA8,TowerB_InfeedA_Outlet8,off,notOn,0,0
ServerTech 10.03.03-2,10.41.136.228,TX-HOUW1-SVT-48XLS-RR100303-2,BB1,TowerB_InfeedB_Outlet1,off,notOn,0,0
ServerTech 10.03.03-2,10.41.136.228,TX-HOUW1-SVT-48XLS-RR100303-2,BB2,TowerB_InfeedB_Outlet2,off,notOn,0,0
ServerTech 10.03.03-2,10.41.136.228,TX-HOUW1-SVT-48XLS-RR100303-2,BB3,TowerB_InfeedB_Outlet3,off,notOn,0,0
ServerTech 10.03.03-2,10.41.136.228,TX-HOUW1-SVT-48XLS-RR100303-2,BB4,TowerB_InfeedB_Outlet4,off,notOn,0,0
ServerTech 10.03.03-2,10.41.136.228,TX-HOUW1-SVT-48XLS-RR100303-2,BB5,CIS-7609-3_PS2-B,on,normal,3.5,574
ServerTech 10.03.03-2,10.41.136.228,TX-HOUW1-SVT-48XLS-RR100303-2,BB6,CIS-7609-3_PS2-D,on,normal,3,492
ServerTech 10.03.03-2,10.41.136.228,TX-HOUW1-SVT-48XLS-RR100303-2,BB7,TowerB_InfeedB_Outlet7,off,notOn,0,0
ServerTech 10.03.03-2,10.41.136.228,TX-HOUW1-SVT-48XLS-RR100303-2,BB8,TowerB_InfeedB_Outlet8,off,notOn,0,0
ServerTech 10.03.04-1,10.41.136.229,TX-HOUW1-SVT-48XLS-RR100304,AA1,TowerA_InfeedA_Outlet1,off,notOn,0,0
ServerTech 10.03.04-1,10.41.136.229,TX-HOUW1-SVT-48XLS-RR100304,AA2,TowerA_InfeedA_Outlet2,off,notOn,0,0
ServerTech 10.03.04-1,10.41.136.229,TX-HOUW1-SVT-48XLS-RR100304,AA3,TowerA_InfeedA_Outlet3,off,notOn,0,0
ServerTech 10.03.04-1,10.41.136.229,TX-HOUW1-SVT-48XLS-RR100304,AA4,TowerA_InfeedA_Outlet4,off,notOn,0,0
ServerTech 10.03.04-1,10.41.136.229,TX-HOUW1-SVT-48XLS-RR100304,AA5,CIS-7609-4_PS1-A,on,normal,3,492
ServerTech 10.03.04-1,10.41.136.229,TX-HOUW1-SVT-48XLS-RR100304,AA6,CIS-7609-4_PS1-C,on,normal,3,492
ServerTech 10.03.04-1,10.41.136.229,TX-HOUW1-SVT-48XLS-RR100304,AA7,JUN-EX4200-2.1_PS2A,on,normal,0.5,82
ServerTech 10.03.04-1,10.41.136.229,TX-HOUW1-SVT-48XLS-RR100304,AA8,JUN-EX4200-2.2_PS1A,on,normal,0.5,82
ServerTech 10.03.04-1,10.41.136.229,TX-HOUW1-SVT-48XLS-RR100304,AB1,TowerA_InfeedB_Outlet1,off,notOn,0,0
ServerTech 10.03.04-1,10.41.136.229,TX-HOUW1-SVT-48XLS-RR100304,AB2,TowerA_InfeedB_Outlet2,off,notOn,0,0
ServerTech 10.03.04-1,10.41.136.229,TX-HOUW1-SVT-48XLS-RR100304,AB3,TowerA_InfeedB_Outlet3,off,notOn,0,0
ServerTech 10.03.04-1,10.41.136.229,TX-HOUW1-SVT-48XLS-RR100304,AB4,TowerA_InfeedB_Outlet4,off,notOn,0,0
ServerTech 10.03.04-1,10.41.136.229,TX-HOUW1-SVT-48XLS-RR100304,AB5,CIS-7609-4_PS2-A,on,normal,3.5,574
ServerTech 10.03.04-1,10.41.136.229,TX-HOUW1-SVT-48XLS-RR100304,AB6,CIS-7609-4_PS2-C,on,normal,3,492
ServerTech 10.03.04-1,10.41.136.229,TX-HOUW1-SVT-48XLS-RR100304,AB7,JUN-EX4200-2.1_PS2B,on,normal,0.5,82
ServerTech 10.03.04-1,10.41.136.229,TX-HOUW1-SVT-48XLS-RR100304,AB8,JUN-EX4200-2.2_PS1B,on,normal,0.75,123
ServerTech 10.03.04-1,10.41.136.229,TX-HOUW1-SVT-48XLS-RR100304,BA1,TowerB_InfeedA_Outlet1,off,notOn,0,0
ServerTech 10.03.04-1,10.41.136.229,TX-HOUW1-SVT-48XLS-RR100304,BA2,TowerB_InfeedA_Outlet2,off,notOn,0,0
ServerTech 10.03.04-1,10.41.136.229,TX-HOUW1-SVT-48XLS-RR100304,BA3,TowerB_InfeedA_Outlet3,off,notOn,0,0
ServerTech 10.03.04-1,10.41.136.229,TX-HOUW1-SVT-48XLS-RR100304,BA4,TowerB_InfeedA_Outlet4,off,notOn,0,0
ServerTech 10.03.04-1,10.41.136.229,TX-HOUW1-SVT-48XLS-RR100304,BA5,CIS-7609-4_PS1-B,on,normal,4,656
ServerTech 10.03.04-1,10.41.136.229,TX-HOUW1-SVT-48XLS-RR100304,BA6,CIS-7609-4_PS1-D,on,normal,3,492
ServerTech 10.03.04-1,10.41.136.229,TX-HOUW1-SVT-48XLS-RR100304,BA7,TowerB_InfeedA_Outlet7,off,notOn,0,0
ServerTech 10.03.04-1,10.41.136.229,TX-HOUW1-SVT-48XLS-RR100304,BA8,TowerB_InfeedA_Outlet8,off,notOn,0,0
ServerTech 10.03.04-1,10.41.136.229,TX-HOUW1-SVT-48XLS-RR100304,BB1,TowerB_InfeedB_Outlet1,off,notOn,0,0
ServerTech 10.03.04-1,10.41.136.229,TX-HOUW1-SVT-48XLS-RR100304,BB2,TowerB_InfeedB_Outlet2,off,notOn,0,0
ServerTech 10.03.04-1,10.41.136.229,TX-HOUW1-SVT-48XLS-RR100304,BB3,TowerB_InfeedB_Outlet3,off,notOn,0,0
ServerTech 10.03.04-1,10.41.136.229,TX-HOUW1-SVT-48XLS-RR100304,BB4,TowerB_InfeedB_Outlet4,off,notOn,0,0
ServerTech 10.03.04-1,10.41.136.229,TX-HOUW1-SVT-48XLS-RR100304,BB5,CIS-7609-4_PS2-B,on,normal,3,492
ServerTech 10.03.04-1,10.41.136.229,TX-HOUW1-SVT-48XLS-RR100304,BB6,CIS-7609-4_PS2-D,on,normal,3,492
ServerTech 10.03.04-1,10.41.136.229,TX-HOUW1-SVT-48XLS-RR100304,BB7,TowerB_InfeedB_Outlet7,off,notOn,0,0
ServerTech 10.03.04-1,10.41.136.229,TX-HOUW1-SVT-48XLS-RR100304,BB8,TowerB_InfeedB_Outlet8,off,notOn,0,0
ServerTech 10.03.05,10.41.136.230,TX-HOUW1-SVT-48XLS-RR100305,AA1,TowerA_InfeedA_Outlet1,off,notOn,0,0
ServerTech 10.03.05,10.41.136.230,TX-HOUW1-SVT-48XLS-RR100305,AA2,TowerA_InfeedA_Outlet2,off,notOn,0,0
ServerTech 10.03.05,10.41.136.230,TX-HOUW1-SVT-48XLS-RR100305,AA3,TowerA_InfeedA_Outlet3,off,notOn,0,0
ServerTech 10.03.05,10.41.136.230,TX-HOUW1-SVT-48XLS-RR100305,AA4,TowerA_InfeedA_Outlet4,off,notOn,0,0
ServerTech 10.03.05,10.41.136.230,TX-HOUW1-SVT-48XLS-RR100305,AA5,WWP-3300-1_PS-A1,on,normal,2.5,410
ServerTech 10.03.05,10.41.136.230,TX-HOUW1-SVT-48XLS-RR100305,AA6,WWP-3300-1_PS-A2,on,normal,2.5,410
ServerTech 10.03.05,10.41.136.230,TX-HOUW1-SVT-48XLS-RR100305,AA7,JUN-EX4200-2.1_PS2A,on,normal,0.5,82
ServerTech 10.03.05,10.41.136.230,TX-HOUW1-SVT-48XLS-RR100305,AA8,JUN-EX4200-2.2_PS1A,on,normal,0.5,82
ServerTech 10.03.05,10.41.136.230,TX-HOUW1-SVT-48XLS-RR100305,AB1,TowerA_InfeedB_Outlet1,off,notOn,0,0
ServerTech 10.03.05,10.41.136.230,TX-HOUW1-SVT-48XLS-RR100305,AB2,TowerA_InfeedB_Outlet2,off,notOn,0,0
ServerTech 10.03.05,10.41.136.230,TX-HOUW1-SVT-48XLS-RR100305,AB3,TowerA_InfeedB_Outlet3,off,notOn,0,0
ServerTech 10.03.05,10.41.136.230,TX-HOUW1-SVT-48XLS-RR100305,AB4,TowerA_InfeedB_Outlet4,off,notOn,0,0
ServerTech 10.03.05,10.41.136.230,TX-HOUW1-SVT-48XLS-RR100305,AB5,WWP-3300-1_PS-B1,on,normal,1.5,246
ServerTech 10.03.05,10.41.136.230,TX-HOUW1-SVT-48XLS-RR100305,AB6,WWP-3300-1_PS-B2,on,normal,2.5,410
ServerTech 10.03.05,10.41.136.230,TX-HOUW1-SVT-48XLS-RR100305,AB7,JUN-EX4200-2.1_PS2B,on,normal,0.5,82
ServerTech 10.03.05,10.41.136.230,TX-HOUW1-SVT-48XLS-RR100305,AB8,JUN-EX4200-2.2_PS1B,on,normal,0.75,123
ServerTech 10.03.05,10.41.136.230,TX-HOUW1-SVT-48XLS-RR100305,BA1,TowerB_InfeedA_Outlet1,off,notOn,0,0
ServerTech 10.03.05,10.41.136.230,TX-HOUW1-SVT-48XLS-RR100305,BA2,TowerB_InfeedA_Outlet2,off,notOn,0,0
ServerTech 10.03.05,10.41.136.230,TX-HOUW1-SVT-48XLS-RR100305,BA3,TowerB_InfeedA_Outlet3,off,notOn,0,0
ServerTech 10.03.05,10.41.136.230,TX-HOUW1-SVT-48XLS-RR100305,BA4,TowerB_InfeedA_Outlet4,off,notOn,0,0
ServerTech 10.03.05,10.41.136.230,TX-HOUW1-SVT-48XLS-RR100305,BA5,MOTO-CAPC-1_PEM-A,on,normal,6.5,1066
ServerTech 10.03.05,10.41.136.230,TX-HOUW1-SVT-48XLS-RR100305,BA6,ADC-LS3600-1_PS1,on,normal,1,164
ServerTech 10.03.05,10.41.136.230,TX-HOUW1-SVT-48XLS-RR100305,BA7,TowerB_InfeedA_Outlet7,off,notOn,0,0
ServerTech 10.03.05,10.41.136.230,TX-HOUW1-SVT-48XLS-RR100305,BA8,TowerB_InfeedA_Outlet8,off,notOn,0,0
ServerTech 10.03.05,10.41.136.230,TX-HOUW1-SVT-48XLS-RR100305,BB1,TowerB_InfeedB_Outlet1,off,notOn,0,0
ServerTech 10.03.05,10.41.136.230,TX-HOUW1-SVT-48XLS-RR100305,BB2,TowerB_InfeedB_Outlet2,off,notOn,0,0
ServerTech 10.03.05,10.41.136.230,TX-HOUW1-SVT-48XLS-RR100305,BB3,TowerB_InfeedB_Outlet3,off,notOn,0,0
ServerTech 10.03.05,10.41.136.230,TX-HOUW1-SVT-48XLS-RR100305,BB4,TowerB_InfeedB_Outlet4,off,notOn,0,0
ServerTech 10.03.05,10.41.136.230,TX-HOUW1-SVT-48XLS-RR100305,BB5,MOTO-CAPC-1_PEM-B,on,normal,7,1148
ServerTech 10.03.05,10.41.136.230,TX-HOUW1-SVT-48XLS-RR100305,BB6,ADC-LS3600-1_PS2,on,normal,1,164
ServerTech 10.03.05,10.41.136.230,TX-HOUW1-SVT-48XLS-RR100305,BB7,TowerB_InfeedB_Outlet7,off,notOn,0,0
ServerTech 10.03.05,10.41.136.230,TX-HOUW1-SVT-48XLS-RR100305,BB8,TowerB_InfeedB_Outlet8,off,notOn,0,0
ServerTech 10.03.06,10.41.136.231,TX-HOUW1-SVT-48XLS-RR100306,AA1,TowerA_InfeedA_Outlet1,off,notOn,0,0
ServerTech 10.03.06,10.41.136.231,TX-HOUW1-SVT-48XLS-RR100306,AA2,TowerA_InfeedA_Outlet2,off,notOn,0,0
ServerTech 10.03.06,10.41.136.231,TX-HOUW1-SVT-48XLS-RR100306,AA3,TowerA_InfeedA_Outlet3,off,notOn,0,0
ServerTech 10.03.06,10.41.136.231,TX-HOUW1-SVT-48XLS-RR100306,AA4,TowerA_InfeedA_Outlet4,off,notOn,0,0
ServerTech 10.03.06,10.41.136.231,TX-HOUW1-SVT-48XLS-RR100306,AA5,WWP-3300-2_PS-A1,on,normal,2.5,410
ServerTech 10.03.06,10.41.136.231,TX-HOUW1-SVT-48XLS-RR100306,AA6,WWP-3300-2_PS-A2,on,normal,1.5,246
ServerTech 10.03.06,10.41.136.231,TX-HOUW1-SVT-48XLS-RR100306,AA7,JUN-EX4200-2.1_PS2A,on,normal,0.5,82
ServerTech 10.03.06,10.41.136.231,TX-HOUW1-SVT-48XLS-RR100306,AA8,JUN-EX4200-2.2_PS1A,on,normal,0.5,82
ServerTech 10.03.06,10.41.136.231,TX-HOUW1-SVT-48XLS-RR100306,AB1,TowerA_InfeedB_Outlet1,off,notOn,0,0
ServerTech 10.03.06,10.41.136.231,TX-HOUW1-SVT-48XLS-RR100306,AB2,TowerA_InfeedB_Outlet2,off,notOn,0,0
ServerTech 10.03.06,10.41.136.231,TX-HOUW1-SVT-48XLS-RR100306,AB3,TowerA_InfeedB_Outlet3,off,notOn,0,0
ServerTech 10.03.06,10.41.136.231,TX-HOUW1-SVT-48XLS-RR100306,AB4,TowerA_InfeedB_Outlet4,off,notOn,0,0
ServerTech 10.03.06,10.41.136.231,TX-HOUW1-SVT-48XLS-RR100306,AB5,WWP-3300-2_PS-B1,on,normal,3,492
ServerTech 10.03.06,10.41.136.231,TX-HOUW1-SVT-48XLS-RR100306,AB6,WWP-3300-2_PS-B2,on,normal,2.5,410
ServerTech 10.03.06,10.41.136.231,TX-HOUW1-SVT-48XLS-RR100306,AB7,JUN-EX4200-2.1_PS2B,on,normal,0.5,82
ServerTech 10.03.06,10.41.136.231,TX-HOUW1-SVT-48XLS-RR100306,AB8,JUN-EX4200-2.2_PS1B,on,normal,0.75,123
ServerTech 10.03.06,10.41.136.231,TX-HOUW1-SVT-48XLS-RR100306,BA1,TowerB_InfeedA_Outlet1,off,notOn,0,0
ServerTech 10.03.06,10.41.136.231,TX-HOUW1-SVT-48XLS-RR100306,BA2,TowerB_InfeedA_Outlet2,off,notOn,0,0
ServerTech 10.03.06,10.41.136.231,TX-HOUW1-SVT-48XLS-RR100306,BA3,TowerB_InfeedA_Outlet3,off,notOn,0,0
ServerTech 10.03.06,10.41.136.231,TX-HOUW1-SVT-48XLS-RR100306,BA4,TowerB_InfeedA_Outlet4,off,notOn,0,0
ServerTech 10.03.06,10.41.136.231,TX-HOUW1-SVT-48XLS-RR100306,BA5,MOTO-CAPC_PEM-A,on,normal,6.5,1066
ServerTech 10.03.06,10.41.136.231,TX-HOUW1-SVT-48XLS-RR100306,BA6,ADC-LS3600-2_PS1,on,normal,1.5,246
ServerTech 10.03.06,10.41.136.231,TX-HOUW1-SVT-48XLS-RR100306,BA7,TowerB_InfeedA_Outlet7,off,notOn,0,0
ServerTech 10.03.06,10.41.136.231,TX-HOUW1-SVT-48XLS-RR100306,BA8,TowerB_InfeedA_Outlet8,off,notOn,0,0
ServerTech 10.03.06,10.41.136.231,TX-HOUW1-SVT-48XLS-RR100306,BB1,TowerB_InfeedB_Outlet1,off,notOn,0,0
ServerTech 10.03.06,10.41.136.231,TX-HOUW1-SVT-48XLS-RR100306,BB2,TowerB_InfeedB_Outlet2,off,notOn,0,0
ServerTech 10.03.06,10.41.136.231,TX-HOUW1-SVT-48XLS-RR100306,BB3,TowerB_InfeedB_Outlet3,off,notOn,0,0
ServerTech 10.03.06,10.41.136.231,TX-HOUW1-SVT-48XLS-RR100306,BB4,TowerB_InfeedB_Outlet4,off,notOn,0,0
ServerTech 10.03.06,10.41.136.231,TX-HOUW1-SVT-48XLS-RR100306,BB5,MOTO-CAPC-2_PEM-B,on,normal,6,984
ServerTech 10.03.06,10.41.136.231,TX-HOUW1-SVT-48XLS-RR100306,BB6,ADC-LS3600-2_PS2,on,normal,1,164
ServerTech 10.03.06,10.41.136.231,TX-HOUW1-SVT-48XLS-RR100306,BB7,TowerB_InfeedB_Outlet7,off,notOn,0,0
ServerTech 10.03.06,10.41.136.231,TX-HOUW1-SVT-48XLS-RR100306,BB8,TowerB_InfeedB_Outlet8,off,notOn,0,0
