ID,dtCaptureTime,Device,IP,SysName,OutletID,OutletName,OutletStatus,OutletLoadStatus,OutletLoadValue,Est. BTU-hr
001,2009-11-18 15:53:00,ServerTech 10.01.02,10.41.136.217,TX-HOUW1-SVT-48XLS-RR100102,AA1,FND-SI4G-1_PS1,on,normal,1.25,205
002,2009-11-18 15:53:00,ServerTech 10.01.02,10.41.136.217,TX-HOUW1-SVT-48XLS-RR100102,AA2,JUN-SSG350-1,on,normal,1.75,287
003,2009-11-18 15:53:00,ServerTech 10.01.02,10.41.136.217,TX-HOUW1-SVT-48XLS-RR100102,AA3,JUN-SSG350-3,on,normal,1.25,205
004,2009-11-18 15:53:00,ServerTech 10.01.02,10.41.136.217,TX-HOUW1-SVT-48XLS-RR100102,AA4,CYC-RR100102-1_PS1,on,normal,0.25,41
005,2009-11-18 15:53:00,ServerTech 10.01.02,10.41.136.217,TX-HOUW1-SVT-48XLS-RR100102,AA5,CYC-RR100102-2_PS1,on,normal,0.25,41
006,2009-11-18 15:53:00,ServerTech 10.01.02,10.41.136.217,TX-HOUW1-SVT-48XLS-RR100102,AA6,JUN-EX4200-1.1_PS1-A,on,normal,0.75,123
007,2009-11-18 15:53:00,ServerTech 10.01.02,10.41.136.217,TX-HOUW1-SVT-48XLS-RR100102,AA7,JUN-EX4200-1.1_PS2-A,on,normal,1.5,246
008,2009-11-18 15:53:00,ServerTech 10.01.02,10.41.136.217,TX-HOUW1-SVT-48XLS-RR100102,AA8,JUN-EX4200-1.2_PS1-A,on,normal,0.75,123
009,2009-11-18 15:53:00,ServerTech 10.01.02,10.41.136.217,TX-HOUW1-SVT-48XLS-RR100102,AB1,FND-SI4G-1_PS2,on,normal,0.75,123
010,2009-11-18 15:53:00,ServerTech 10.01.02,10.41.136.217,TX-HOUW1-SVT-48XLS-RR100102,AB2,TowerA_InfeedB_Outlet2,off,notOn,0,0
011,2009-11-18 15:53:00,ServerTech 10.01.02,10.41.136.217,TX-HOUW1-SVT-48XLS-RR100102,AB3,TowerA_InfeedB_Outlet3,off,notOn,0,0
012,2009-11-18 15:53:00,ServerTech 10.01.02,10.41.136.217,TX-HOUW1-SVT-48XLS-RR100102,AB4,CYC-RR100102-1_PS2,on,normal,0.25,41
013,2009-11-18 15:53:00,ServerTech 10.01.02,10.41.136.217,TX-HOUW1-SVT-48XLS-RR100102,AB5,CYC-RR100102-2_PS2,on,normal,0,0
014,2009-11-18 15:53:00,ServerTech 10.01.02,10.41.136.217,TX-HOUW1-SVT-48XLS-RR100102,AB6,JUN-EX4200-1.1_PS1-B,on,normal,0.5,82
015,2009-11-18 15:53:00,ServerTech 10.01.02,10.41.136.217,TX-HOUW1-SVT-48XLS-RR100102,AB7,JUN-EX4200-1.1_PS2-B,on,normal,1,164
016,2009-11-18 15:53:00,ServerTech 10.01.02,10.41.136.217,TX-HOUW1-SVT-48XLS-RR100102,AB8,JUN-EX4200-1.2_PS1-B,on,normal,0.75,123
017,2009-11-18 15:53:00,ServerTech 10.01.02,10.41.136.217,TX-HOUW1-SVT-48XLS-RR100102,BA1,JUN-EX4200-1.2_PS2-A,on,normal,0.75,123
018,2009-11-18 15:53:00,ServerTech 10.01.02,10.41.136.217,TX-HOUW1-SVT-48XLS-RR100102,BA2,JUN-EX4200-1.3_PS1-A,on,normal,0.5,82
019,2009-11-18 15:53:00,ServerTech 10.01.02,10.41.136.217,TX-HOUW1-SVT-48XLS-RR100102,BA3,JUN-EX4200-1.3_PS2-A,on,normal,0.5,82
020,2009-11-18 15:53:00,ServerTech 10.01.02,10.41.136.217,TX-HOUW1-SVT-48XLS-RR100102,BA4,TowerB_InfeedA_Outlet4,off,notOn,0,0
021,2009-11-18 15:53:00,ServerTech 10.01.02,10.41.136.217,TX-HOUW1-SVT-48XLS-RR100102,BA5,TowerB_InfeedA_Outlet5,off,notOn,0,0
022,2009-11-18 15:53:00,ServerTech 10.01.02,10.41.136.217,TX-HOUW1-SVT-48XLS-RR100102,BA6,TowerB_InfeedA_Outlet6,off,notOn,0,0
023,2009-11-18 15:53:00,ServerTech 10.01.02,10.41.136.217,TX-HOUW1-SVT-48XLS-RR100102,BA7,TowerB_InfeedA_Outlet7,off,notOn,0,0
024,2009-11-18 15:53:00,ServerTech 10.01.02,10.41.136.217,TX-HOUW1-SVT-48XLS-RR100102,BA8,TowerB_InfeedA_Outlet8,off,notOn,0,0
025,2009-11-18 15:53:00,ServerTech 10.01.02,10.41.136.217,TX-HOUW1-SVT-48XLS-RR100102,BB1,JUN-EX4200-1.2_PS2-B,on,normal,0.5,82
026,2009-11-18 15:53:00,ServerTech 10.01.02,10.41.136.217,TX-HOUW1-SVT-48XLS-RR100102,BB2,JUN-EX4200-1.3_PS1-B,on,normal,0.5,82
027,2009-11-18 15:53:00,ServerTech 10.01.02,10.41.136.217,TX-HOUW1-SVT-48XLS-RR100102,BB3,JUN-EX4200-1.3_PS2-B,on,normal,0.5,82
028,2009-11-18 15:53:00,ServerTech 10.01.02,10.41.136.217,TX-HOUW1-SVT-48XLS-RR100102,BB4,TowerB_InfeedB_Outlet4,off,notOn,0,0
029,2009-11-18 15:53:00,ServerTech 10.01.02,10.41.136.217,TX-HOUW1-SVT-48XLS-RR100102,BB5,TowerB_InfeedB_Outlet5,off,notOn,0,0
030,2009-11-18 15:53:00,ServerTech 10.01.02,10.41.136.217,TX-HOUW1-SVT-48XLS-RR100102,BB6,TowerB_InfeedB_Outlet6,off,notOn,0,0
031,2009-11-18 15:53:00,ServerTech 10.01.02,10.41.136.217,TX-HOUW1-SVT-48XLS-RR100102,BB7,TowerB_InfeedB_Outlet7,off,notOn,0,0
032,2009-11-18 15:53:00,ServerTech 10.01.02,10.41.136.217,TX-HOUW1-SVT-48XLS-RR100102,BB8,TowerB_InfeedB_Outlet8,off,notOn,0,0
033,2009-11-18 15:53:00,ServerTech 10.01.04,10.41.136.218,TX-HOUW1-SVT-48XLS-RR100104,AA1,FND-SI4G-2_PS1,on,normal,1,164
034,2009-11-18 15:53:00,ServerTech 10.01.04,10.41.136.218,TX-HOUW1-SVT-48XLS-RR100104,AA2,JUN-NS-SSG350-2_PS1,on,normal,1.25,205
035,2009-11-18 15:53:00,ServerTech 10.01.04,10.41.136.218,TX-HOUW1-SVT-48XLS-RR100104,AA3,JUN-NS-SSG350-4_PS1,on,normal,1.25,205
036,2009-11-18 15:53:00,ServerTech 10.01.04,10.41.136.218,TX-HOUW1-SVT-48XLS-RR100104,AA4,CYC-RR100104.1_PS1,on,normal,0.25,41
037,2009-11-18 15:53:00,ServerTech 10.01.04,10.41.136.218,TX-HOUW1-SVT-48XLS-RR100104,AA5,CYC-RR100104.2_PS1,on,normal,0.25,41
038,2009-11-18 15:53:00,ServerTech 10.01.04,10.41.136.218,TX-HOUW1-SVT-48XLS-RR100104,AA6,JUN-EX4200-2.1_PS1A,on,normal,0.5,82
039,2009-11-18 15:53:00,ServerTech 10.01.04,10.41.136.218,TX-HOUW1-SVT-48XLS-RR100104,AA7,JUN-EX4200-2.1_PS2A,on,normal,0.5,82
040,2009-11-18 15:53:00,ServerTech 10.01.04,10.41.136.218,TX-HOUW1-SVT-48XLS-RR100104,AA8,JUN-EX4200-2.2_PS1A,on,normal,0.5,82
041,2009-11-18 15:53:00,ServerTech 10.01.04,10.41.136.218,TX-HOUW1-SVT-48XLS-RR100104,AB1,FND-SI4G-2_PS2,on,normal,0.75,123
042,2009-11-18 15:53:00,ServerTech 10.01.04,10.41.136.218,TX-HOUW1-SVT-48XLS-RR100104,AB2,TowerA_InfeedB_Outlet2,offError,normal,0,0
043,2009-11-18 15:53:00,ServerTech 10.01.04,10.41.136.218,TX-HOUW1-SVT-48XLS-RR100104,AB3,TowerA_InfeedB_Outlet3,offError,normal,0,0
044,2009-11-18 15:53:00,ServerTech 10.01.04,10.41.136.218,TX-HOUW1-SVT-48XLS-RR100104,AB4,CYC-RR100104.1_PS2,on,normal,0,0
045,2009-11-18 15:53:00,ServerTech 10.01.04,10.41.136.218,TX-HOUW1-SVT-48XLS-RR100104,AB5,CYC-RR100104.2_PS2,on,normal,0,0
046,2009-11-18 15:53:00,ServerTech 10.01.04,10.41.136.218,TX-HOUW1-SVT-48XLS-RR100104,AB6,JUN-EX4200-2.1_PS1B,on,normal,0.5,82
047,2009-11-18 15:53:00,ServerTech 10.01.04,10.41.136.218,TX-HOUW1-SVT-48XLS-RR100104,AB7,JUN-EX4200-2.1_PS2B,on,normal,0.5,82
048,2009-11-18 15:53:00,ServerTech 10.01.04,10.41.136.218,TX-HOUW1-SVT-48XLS-RR100104,AB8,JUN-EX4200-2.2_PS1B,on,normal,0.5,82
049,2009-11-18 15:53:00,ServerTech 10.01.04,10.41.136.218,TX-HOUW1-SVT-48XLS-RR100104,BA1,JUN-EX4200-2.2_PS2A,on,normal,1,164
050,2009-11-18 15:53:00,ServerTech 10.01.04,10.41.136.218,TX-HOUW1-SVT-48XLS-RR100104,BA2,JUN-EX4200-2.3_PS1A,on,normal,0.5,82
051,2009-11-18 15:53:00,ServerTech 10.01.04,10.41.136.218,TX-HOUW1-SVT-48XLS-RR100104,BA3,JUN-EX4200-2.3_PS2A,on,normal,0.75,123
052,2009-11-18 15:53:00,ServerTech 10.01.04,10.41.136.218,TX-HOUW1-SVT-48XLS-RR100104,BA4,TowerB_InfeedA_Outlet4,off,notOn,0,0
053,2009-11-18 15:53:00,ServerTech 10.01.04,10.41.136.218,TX-HOUW1-SVT-48XLS-RR100104,BA5,TowerB_InfeedA_Outlet5,off,notOn,0,0
054,2009-11-18 15:53:00,ServerTech 10.01.04,10.41.136.218,TX-HOUW1-SVT-48XLS-RR100104,BA6,TowerB_InfeedA_Outlet6,off,notOn,0,0
055,2009-11-18 15:53:00,ServerTech 10.01.04,10.41.136.218,TX-HOUW1-SVT-48XLS-RR100104,BA7,TowerB_InfeedA_Outlet7,off,notOn,0,0
056,2009-11-18 15:53:00,ServerTech 10.01.04,10.41.136.218,TX-HOUW1-SVT-48XLS-RR100104,BA8,TowerB_InfeedA_Outlet8,off,notOn,0,0
057,2009-11-18 15:53:00,ServerTech 10.01.04,10.41.136.218,TX-HOUW1-SVT-48XLS-RR100104,BB1,JUN-EX4200-2.2_PS2B,on,normal,0.75,123
058,2009-11-18 15:53:00,ServerTech 10.01.04,10.41.136.218,TX-HOUW1-SVT-48XLS-RR100104,BB2,JUN-EX4200-2.3_PS1B,on,normal,0.25,41
059,2009-11-18 15:53:00,ServerTech 10.01.04,10.41.136.218,TX-HOUW1-SVT-48XLS-RR100104,BB3,JUN-EX4200-2.3_PS2B,on,normal,0.75,123
060,2009-11-18 15:53:00,ServerTech 10.01.04,10.41.136.218,TX-HOUW1-SVT-48XLS-RR100104,BB4,TowerB_InfeedB_Outlet4,off,notOn,0,0
061,2009-11-18 15:53:00,ServerTech 10.01.04,10.41.136.218,TX-HOUW1-SVT-48XLS-RR100104,BB5,TowerB_InfeedB_Outlet5,off,notOn,0,0
062,2009-11-18 15:53:00,ServerTech 10.01.04,10.41.136.218,TX-HOUW1-SVT-48XLS-RR100104,BB6,TowerB_InfeedB_Outlet6,off,notOn,0,0
063,2009-11-18 15:53:00,ServerTech 10.01.04,10.41.136.218,TX-HOUW1-SVT-48XLS-RR100104,BB7,TowerB_InfeedB_Outlet7,off,notOn,0,0
064,2009-11-18 15:53:00,ServerTech 10.01.04,10.41.136.218,TX-HOUW1-SVT-48XLS-RR100104,BB8,TowerB_InfeedB_Outlet8,off,notOn,0,0
065,2009-11-18 15:53:00,ServerTech 10.02.03,10.41.136.219,TX-HOUW1-SVT-48XLS-RR100203,AA1,SUN-T2000-EMS-1_PS1,on,normal,2,328
066,2009-11-18 15:53:00,ServerTech 10.02.03,10.41.136.219,TX-HOUW1-SVT-48XLS-RR100203,AA2,TowerA_InfeedA_Outlet2,off,notOn,0,0
067,2009-11-18 15:53:00,ServerTech 10.02.03,10.41.136.219,TX-HOUW1-SVT-48XLS-RR100203,AA3,TowerA_InfeedA_Outlet3,off,notOn,0,0
068,2009-11-18 15:53:00,ServerTech 10.02.03,10.41.136.219,TX-HOUW1-SVT-48XLS-RR100203,AA4,TowerA_InfeedA_Outlet4,off,notOn,0,0
069,2009-11-18 15:53:00,ServerTech 10.02.03,10.41.136.219,TX-HOUW1-SVT-48XLS-RR100203,AA5,TowerA_InfeedA_Outlet5,off,notOn,0,0
070,2009-11-18 15:53:00,ServerTech 10.02.03,10.41.136.219,TX-HOUW1-SVT-48XLS-RR100203,AA6,TowerA_InfeedA_Outlet6,off,notOn,0,0
071,2009-11-18 15:53:00,ServerTech 10.02.03,10.41.136.219,TX-HOUW1-SVT-48XLS-RR100203,AA7,JUN-EX4200-2.1_PS2A,on,normal,0.5,82
072,2009-11-18 15:53:00,ServerTech 10.02.03,10.41.136.219,TX-HOUW1-SVT-48XLS-RR100203,AA8,JUN-EX4200-2.2_PS1A,on,normal,0.5,82
073,2009-11-18 15:53:00,ServerTech 10.02.03,10.41.136.219,TX-HOUW1-SVT-48XLS-RR100203,AB1,SUN-T2000-EMS-1_PS2,on,normal,2,328
074,2009-11-18 15:53:00,ServerTech 10.02.03,10.41.136.219,TX-HOUW1-SVT-48XLS-RR100203,AB2,TowerA_InfeedB_Outlet2,off,notOn,0,0
075,2009-11-18 15:53:00,ServerTech 10.02.03,10.41.136.219,TX-HOUW1-SVT-48XLS-RR100203,AB3,TowerA_InfeedB_Outlet3,off,notOn,0,0
076,2009-11-18 15:53:00,ServerTech 10.02.03,10.41.136.219,TX-HOUW1-SVT-48XLS-RR100203,AB4,TowerA_InfeedB_Outlet4,off,notOn,0,0
077,2009-11-18 15:53:00,ServerTech 10.02.03,10.41.136.219,TX-HOUW1-SVT-48XLS-RR100203,AB5,TowerA_InfeedB_Outlet5,off,notOn,0,0
078,2009-11-18 15:53:00,ServerTech 10.02.03,10.41.136.219,TX-HOUW1-SVT-48XLS-RR100203,AB6,TowerA_InfeedB_Outlet6,off,notOn,0,0
079,2009-11-18 15:53:00,ServerTech 10.02.03,10.41.136.219,TX-HOUW1-SVT-48XLS-RR100203,AB7,JUN-EX4200-2.1_PS2B,on,normal,0.5,82
080,2009-11-18 15:53:00,ServerTech 10.02.03,10.41.136.219,TX-HOUW1-SVT-48XLS-RR100203,AB8,JUN-EX4200-2.2_PS1B,on,normal,0.5,82
081,2009-11-18 15:53:00,ServerTech 10.02.03,10.41.136.219,TX-HOUW1-SVT-48XLS-RR100203,BA1,JUN-EX4200-2.2_PS2A,on,normal,1,164
082,2009-11-18 15:53:00,ServerTech 10.02.03,10.41.136.219,TX-HOUW1-SVT-48XLS-RR100203,BA2,JUN-EX4200-2.3_PS1A,on,normal,0.5,82
083,2009-11-18 15:53:00,ServerTech 10.02.03,10.41.136.219,TX-HOUW1-SVT-48XLS-RR100203,BA3,JUN-EX4200-2.3_PS2A,on,normal,0.75,123
084,2009-11-18 15:53:00,ServerTech 10.02.03,10.41.136.219,TX-HOUW1-SVT-48XLS-RR100203,BA4,TowerB_InfeedA_Outlet4,off,notOn,0,0
085,2009-11-18 15:53:00,ServerTech 10.02.03,10.41.136.219,TX-HOUW1-SVT-48XLS-RR100203,BA5,TowerB_InfeedA_Outlet5,off,notOn,0,0
086,2009-11-18 15:53:00,ServerTech 10.02.03,10.41.136.219,TX-HOUW1-SVT-48XLS-RR100203,BA6,TowerB_InfeedA_Outlet6,off,notOn,0,0
087,2009-11-18 15:53:00,ServerTech 10.02.03,10.41.136.219,TX-HOUW1-SVT-48XLS-RR100203,BA7,TowerB_InfeedA_Outlet7,off,notOn,0,0
088,2009-11-18 15:53:00,ServerTech 10.02.03,10.41.136.219,TX-HOUW1-SVT-48XLS-RR100203,BA8,TowerB_InfeedA_Outlet8,off,notOn,0,0
089,2009-11-18 15:53:00,ServerTech 10.02.03,10.41.136.219,TX-HOUW1-SVT-48XLS-RR100203,BB1,JUN-EX4200-2.2_PS2B,on,normal,0.75,123
090,2009-11-18 15:53:00,ServerTech 10.02.03,10.41.136.219,TX-HOUW1-SVT-48XLS-RR100203,BB2,JUN-EX4200-2.3_PS1B,on,normal,0.25,41
091,2009-11-18 15:53:00,ServerTech 10.02.03,10.41.136.219,TX-HOUW1-SVT-48XLS-RR100203,BB3,JUN-EX4200-2.3_PS2B,on,normal,0.75,123
092,2009-11-18 15:53:00,ServerTech 10.02.03,10.41.136.219,TX-HOUW1-SVT-48XLS-RR100203,BB4,TowerB_InfeedB_Outlet4,off,notOn,0,0
093,2009-11-18 15:53:00,ServerTech 10.02.03,10.41.136.219,TX-HOUW1-SVT-48XLS-RR100203,BB5,TowerB_InfeedB_Outlet5,off,notOn,0,0
094,2009-11-18 15:53:00,ServerTech 10.02.03,10.41.136.219,TX-HOUW1-SVT-48XLS-RR100203,BB6,TowerB_InfeedB_Outlet6,off,notOn,0,0
095,2009-11-18 15:53:00,ServerTech 10.02.03,10.41.136.219,TX-HOUW1-SVT-48XLS-RR100203,BB7,TowerB_InfeedB_Outlet7,off,notOn,0,0
096,2009-11-18 15:53:00,ServerTech 10.02.03,10.41.136.219,TX-HOUW1-SVT-48XLS-RR100203,BB8,TowerB_InfeedB_Outlet8,off,notOn,0,0
097,2009-11-18 15:53:00,ServerTech 10.02.04,10.41.136.220,TX-HOUW1-SVT-48XLS-RR100204,AA1,SUN-T200-EMS-2-PS1,on,normal,2.25,369
098,2009-11-18 15:53:00,ServerTech 10.02.04,10.41.136.220,TX-HOUW1-SVT-48XLS-RR100204,AA2,TowerA_InfeedA_Outlet2,off,notOn,0,0
099,2009-11-18 15:53:00,ServerTech 10.02.04,10.41.136.220,TX-HOUW1-SVT-48XLS-RR100204,AA3,TowerA_InfeedA_Outlet3,off,notOn,0,0
100,2009-11-18 15:53:00,ServerTech 10.02.04,10.41.136.220,TX-HOUW1-SVT-48XLS-RR100204,AA4,TowerA_InfeedA_Outlet4,off,notOn,0,0
101,2009-11-18 15:53:00,ServerTech 10.02.04,10.41.136.220,TX-HOUW1-SVT-48XLS-RR100204,AA5,TowerA_InfeedA_Outlet5,off,notOn,0,0
102,2009-11-18 15:53:00,ServerTech 10.02.04,10.41.136.220,TX-HOUW1-SVT-48XLS-RR100204,AA6,TowerA_InfeedA_Outlet6,off,notOn,0,0
103,2009-11-18 15:53:00,ServerTech 10.02.04,10.41.136.220,TX-HOUW1-SVT-48XLS-RR100204,AA7,JUN-EX4200-2.1_PS2A,on,normal,0.5,82
104,2009-11-18 15:53:00,ServerTech 10.02.04,10.41.136.220,TX-HOUW1-SVT-48XLS-RR100204,AA8,JUN-EX4200-2.2_PS1A,on,normal,0.5,82
105,2009-11-18 15:53:00,ServerTech 10.02.04,10.41.136.220,TX-HOUW1-SVT-48XLS-RR100204,AB1,SUN-T200-EMS-2-PS2,on,normal,2.25,369
106,2009-11-18 15:53:00,ServerTech 10.02.04,10.41.136.220,TX-HOUW1-SVT-48XLS-RR100204,AB2,TowerA_InfeedB_Outlet2,off,notOn,0,0
107,2009-11-18 15:53:00,ServerTech 10.02.04,10.41.136.220,TX-HOUW1-SVT-48XLS-RR100204,AB3,TowerA_InfeedB_Outlet3,off,notOn,0,0
108,2009-11-18 15:53:00,ServerTech 10.02.04,10.41.136.220,TX-HOUW1-SVT-48XLS-RR100204,AB4,TowerA_InfeedB_Outlet4,off,notOn,0,0
109,2009-11-18 15:53:00,ServerTech 10.02.04,10.41.136.220,TX-HOUW1-SVT-48XLS-RR100204,AB5,TowerA_InfeedB_Outlet5,off,notOn,0,0
110,2009-11-18 15:53:00,ServerTech 10.02.04,10.41.136.220,TX-HOUW1-SVT-48XLS-RR100204,AB6,TowerA_InfeedB_Outlet6,off,notOn,0,0
111,2009-11-18 15:53:00,ServerTech 10.02.04,10.41.136.220,TX-HOUW1-SVT-48XLS-RR100204,AB7,JUN-EX4200-2.1_PS2B,on,normal,0.5,82
112,2009-11-18 15:53:00,ServerTech 10.02.04,10.41.136.220,TX-HOUW1-SVT-48XLS-RR100204,AB8,JUN-EX4200-2.2_PS1B,on,normal,0.5,82
113,2009-11-18 15:53:00,ServerTech 10.02.04,10.41.136.220,TX-HOUW1-SVT-48XLS-RR100204,BA1,JUN-EX4200-2.2_PS2A,on,normal,1,164
114,2009-11-18 15:53:00,ServerTech 10.02.04,10.41.136.220,TX-HOUW1-SVT-48XLS-RR100204,BA2,JUN-EX4200-2.3_PS1A,on,normal,0.5,82
115,2009-11-18 15:53:00,ServerTech 10.02.04,10.41.136.220,TX-HOUW1-SVT-48XLS-RR100204,BA3,JUN-EX4200-2.3_PS2A,on,normal,0.75,123
116,2009-11-18 15:53:00,ServerTech 10.02.04,10.41.136.220,TX-HOUW1-SVT-48XLS-RR100204,BA4,TowerB_InfeedA_Outlet4,off,notOn,0,0
117,2009-11-18 15:53:00,ServerTech 10.02.04,10.41.136.220,TX-HOUW1-SVT-48XLS-RR100204,BA5,TowerB_InfeedA_Outlet5,off,notOn,0,0
118,2009-11-18 15:53:00,ServerTech 10.02.04,10.41.136.220,TX-HOUW1-SVT-48XLS-RR100204,BA6,TowerB_InfeedA_Outlet6,off,notOn,0,0
119,2009-11-18 15:53:00,ServerTech 10.02.04,10.41.136.220,TX-HOUW1-SVT-48XLS-RR100204,BA7,TowerB_InfeedA_Outlet7,off,notOn,0,0
120,2009-11-18 15:53:00,ServerTech 10.02.04,10.41.136.220,TX-HOUW1-SVT-48XLS-RR100204,BA8,TowerB_InfeedA_Outlet8,off,notOn,0,0
121,2009-11-18 15:53:00,ServerTech 10.02.04,10.41.136.220,TX-HOUW1-SVT-48XLS-RR100204,BB1,JUN-EX4200-2.2_PS2B,on,normal,0.75,123
122,2009-11-18 15:53:00,ServerTech 10.02.04,10.41.136.220,TX-HOUW1-SVT-48XLS-RR100204,BB2,JUN-EX4200-2.3_PS1B,on,normal,0.25,41
123,2009-11-18 15:53:00,ServerTech 10.02.04,10.41.136.220,TX-HOUW1-SVT-48XLS-RR100204,BB3,JUN-EX4200-2.3_PS2B,on,normal,0.75,123
124,2009-11-18 15:53:00,ServerTech 10.02.04,10.41.136.220,TX-HOUW1-SVT-48XLS-RR100204,BB4,TowerB_InfeedB_Outlet4,off,notOn,0,0
125,2009-11-18 15:53:00,ServerTech 10.02.04,10.41.136.220,TX-HOUW1-SVT-48XLS-RR100204,BB5,TowerB_InfeedB_Outlet5,off,notOn,0,0
126,2009-11-18 15:53:00,ServerTech 10.02.04,10.41.136.220,TX-HOUW1-SVT-48XLS-RR100204,BB6,TowerB_InfeedB_Outlet6,off,notOn,0,0
127,2009-11-18 15:53:00,ServerTech 10.02.04,10.41.136.220,TX-HOUW1-SVT-48XLS-RR100204,BB7,TowerB_InfeedB_Outlet7,off,notOn,0,0
128,2009-11-18 15:53:00,ServerTech 10.02.04,10.41.136.220,TX-HOUW1-SVT-48XLS-RR100204,BB8,TowerB_InfeedB_Outlet8,off,notOn,0,0
129,2009-11-18 15:53:00,ServerTech 10.02.07,10.41.136.221,TX-HOUW1-SVT-48XLS-RR100207,AA1,TowerA_InfeedA_Outlet1,off,notOn,0,0
130,2009-11-18 15:53:00,ServerTech 10.02.07,10.41.136.221,TX-HOUW1-SVT-48XLS-RR100207,AA2,TowerA_InfeedA_Outlet2,off,notOn,0,0
131,2009-11-18 15:53:00,ServerTech 10.02.07,10.41.136.221,TX-HOUW1-SVT-48XLS-RR100207,AA3,TowerA_InfeedA_Outlet3,off,notOn,0,0
132,2009-11-18 15:53:00,ServerTech 10.02.07,10.41.136.221,TX-HOUW1-SVT-48XLS-RR100207,AA4,TowerA_InfeedA_Outlet4,off,notOn,0,0
133,2009-11-18 15:53:00,ServerTech 10.02.07,10.41.136.221,TX-HOUW1-SVT-48XLS-RR100207,AA5,TowerA_InfeedA_Outlet5,off,notOn,0,0
134,2009-11-18 15:53:00,ServerTech 10.02.07,10.41.136.221,TX-HOUW1-SVT-48XLS-RR100207,AA6,TowerA_InfeedA_Outlet6,off,notOn,0,0
135,2009-11-18 15:53:00,ServerTech 10.02.07,10.41.136.221,TX-HOUW1-SVT-48XLS-RR100207,AA7,JUN-EX4200-2.1_PS2A,on,normal,0.5,82
136,2009-11-18 15:53:00,ServerTech 10.02.07,10.41.136.221,TX-HOUW1-SVT-48XLS-RR100207,AA8,JUN-EX4200-2.2_PS1A,on,normal,0.5,82
137,2009-11-18 15:53:00,ServerTech 10.02.07,10.41.136.221,TX-HOUW1-SVT-48XLS-RR100207,AB1,TowerA_InfeedB_Outlet1,off,notOn,0,0
138,2009-11-18 15:53:00,ServerTech 10.02.07,10.41.136.221,TX-HOUW1-SVT-48XLS-RR100207,AB2,TowerA_InfeedB_Outlet2,off,notOn,0,0
139,2009-11-18 15:53:00,ServerTech 10.02.07,10.41.136.221,TX-HOUW1-SVT-48XLS-RR100207,AB3,TowerA_InfeedB_Outlet3,off,notOn,0,0
140,2009-11-18 15:53:00,ServerTech 10.02.07,10.41.136.221,TX-HOUW1-SVT-48XLS-RR100207,AB4,TowerA_InfeedB_Outlet4,off,notOn,0,0
141,2009-11-18 15:53:00,ServerTech 10.02.07,10.41.136.221,TX-HOUW1-SVT-48XLS-RR100207,AB5,TowerA_InfeedB_Outlet5,off,notOn,0,0
142,2009-11-18 15:53:00,ServerTech 10.02.07,10.41.136.221,TX-HOUW1-SVT-48XLS-RR100207,AB6,TowerA_InfeedB_Outlet6,off,notOn,0,0
143,2009-11-18 15:53:00,ServerTech 10.02.07,10.41.136.221,TX-HOUW1-SVT-48XLS-RR100207,AB7,JUN-EX4200-2.1_PS2B,on,normal,0.5,82
144,2009-11-18 15:53:00,ServerTech 10.02.07,10.41.136.221,TX-HOUW1-SVT-48XLS-RR100207,AB8,JUN-EX4200-2.2_PS1B,on,normal,0.5,82
145,2009-11-18 15:53:00,ServerTech 10.02.07,10.41.136.221,TX-HOUW1-SVT-48XLS-RR100207,BA1,JUN-EX4200-2.2_PS2A,on,normal,1,164
146,2009-11-18 15:53:00,ServerTech 10.02.07,10.41.136.221,TX-HOUW1-SVT-48XLS-RR100207,BA2,JUN-EX4200-2.3_PS1A,on,normal,0.5,82
147,2009-11-18 15:53:00,ServerTech 10.02.07,10.41.136.221,TX-HOUW1-SVT-48XLS-RR100207,BA3,JUN-EX4200-2.3_PS2A,on,normal,0.75,123
148,2009-11-18 15:53:00,ServerTech 10.02.07,10.41.136.221,TX-HOUW1-SVT-48XLS-RR100207,BA4,TowerB_InfeedA_Outlet4,off,notOn,0,0
149,2009-11-18 15:53:00,ServerTech 10.02.07,10.41.136.221,TX-HOUW1-SVT-48XLS-RR100207,BA5,TowerB_InfeedA_Outlet5,off,notOn,0,0
150,2009-11-18 15:53:00,ServerTech 10.02.07,10.41.136.221,TX-HOUW1-SVT-48XLS-RR100207,BA6,TowerB_InfeedA_Outlet6,off,notOn,0,0
151,2009-11-18 15:53:00,ServerTech 10.02.07,10.41.136.221,TX-HOUW1-SVT-48XLS-RR100207,BA7,TowerB_InfeedA_Outlet7,off,notOn,0,0
152,2009-11-18 15:53:00,ServerTech 10.02.07,10.41.136.221,TX-HOUW1-SVT-48XLS-RR100207,BA8,TowerB_InfeedA_Outlet8,off,notOn,0,0
153,2009-11-18 15:53:00,ServerTech 10.02.07,10.41.136.221,TX-HOUW1-SVT-48XLS-RR100207,BB1,JUN-EX4200-2.2_PS2B,on,normal,0.75,123
154,2009-11-18 15:53:00,ServerTech 10.02.07,10.41.136.221,TX-HOUW1-SVT-48XLS-RR100207,BB2,JUN-EX4200-2.3_PS1B,on,normal,0.25,41
155,2009-11-18 15:53:00,ServerTech 10.02.07,10.41.136.221,TX-HOUW1-SVT-48XLS-RR100207,BB3,JUN-EX4200-2.3_PS2B,on,normal,0.75,123
156,2009-11-18 15:53:00,ServerTech 10.02.07,10.41.136.221,TX-HOUW1-SVT-48XLS-RR100207,BB4,TowerB_InfeedB_Outlet4,off,notOn,0,0
157,2009-11-18 15:53:00,ServerTech 10.02.07,10.41.136.221,TX-HOUW1-SVT-48XLS-RR100207,BB5,TowerB_InfeedB_Outlet5,off,notOn,0,0
158,2009-11-18 15:53:00,ServerTech 10.02.07,10.41.136.221,TX-HOUW1-SVT-48XLS-RR100207,BB6,TowerB_InfeedB_Outlet6,off,notOn,0,0
159,2009-11-18 15:53:00,ServerTech 10.02.07,10.41.136.221,TX-HOUW1-SVT-48XLS-RR100207,BB7,TowerB_InfeedB_Outlet7,off,notOn,0,0
160,2009-11-18 15:53:00,ServerTech 10.02.07,10.41.136.221,TX-HOUW1-SVT-48XLS-RR100207,BB8,TowerB_InfeedB_Outlet8,off,notOn,0,0
161,2009-11-18 15:53:00,ServerTech 10.02.08,10.41.136.222,TX-HOUW1-SVT-48XLS-RR100208,AA1,TowerA_InfeedA_Outlet1,off,notOn,0,0
162,2009-11-18 15:53:00,ServerTech 10.02.08,10.41.136.222,TX-HOUW1-SVT-48XLS-RR100208,AA2,TowerA_InfeedA_Outlet2,off,notOn,0,0
163,2009-11-18 15:53:00,ServerTech 10.02.08,10.41.136.222,TX-HOUW1-SVT-48XLS-RR100208,AA3,TowerA_InfeedA_Outlet3,off,notOn,0,0
164,2009-11-18 15:53:00,ServerTech 10.02.08,10.41.136.222,TX-HOUW1-SVT-48XLS-RR100208,AA4,TowerA_InfeedA_Outlet4,off,notOn,0,0
165,2009-11-18 15:53:00,ServerTech 10.02.08,10.41.136.222,TX-HOUW1-SVT-48XLS-RR100208,AA5,TowerA_InfeedA_Outlet5,off,notOn,0,0
166,2009-11-18 15:53:00,ServerTech 10.02.08,10.41.136.222,TX-HOUW1-SVT-48XLS-RR100208,AA6,TowerA_InfeedA_Outlet6,off,notOn,0,0
167,2009-11-18 15:53:00,ServerTech 10.02.08,10.41.136.222,TX-HOUW1-SVT-48XLS-RR100208,AA7,JUN-EX4200-2.1_PS2A,on,normal,0.5,82
168,2009-11-18 15:53:00,ServerTech 10.02.08,10.41.136.222,TX-HOUW1-SVT-48XLS-RR100208,AA8,JUN-EX4200-2.2_PS1A,on,normal,0.5,82
169,2009-11-18 15:53:00,ServerTech 10.02.08,10.41.136.222,TX-HOUW1-SVT-48XLS-RR100208,AB1,TowerA_InfeedB_Outlet1,off,notOn,0,0
170,2009-11-18 15:53:00,ServerTech 10.02.08,10.41.136.222,TX-HOUW1-SVT-48XLS-RR100208,AB2,TowerA_InfeedB_Outlet2,off,notOn,0,0
171,2009-11-18 15:53:00,ServerTech 10.02.08,10.41.136.222,TX-HOUW1-SVT-48XLS-RR100208,AB3,TowerA_InfeedB_Outlet3,off,notOn,0,0
172,2009-11-18 15:53:00,ServerTech 10.02.08,10.41.136.222,TX-HOUW1-SVT-48XLS-RR100208,AB4,TowerA_InfeedB_Outlet4,off,notOn,0,0
173,2009-11-18 15:53:00,ServerTech 10.02.08,10.41.136.222,TX-HOUW1-SVT-48XLS-RR100208,AB5,TowerA_InfeedB_Outlet5,off,notOn,0,0
174,2009-11-18 15:53:00,ServerTech 10.02.08,10.41.136.222,TX-HOUW1-SVT-48XLS-RR100208,AB6,TowerA_InfeedB_Outlet6,off,notOn,0,0
175,2009-11-18 15:53:00,ServerTech 10.02.08,10.41.136.222,TX-HOUW1-SVT-48XLS-RR100208,AB7,JUN-EX4200-2.1_PS2B,on,normal,0.5,82
176,2009-11-18 15:53:00,ServerTech 10.02.08,10.41.136.222,TX-HOUW1-SVT-48XLS-RR100208,AB8,JUN-EX4200-2.2_PS1B,on,normal,0.5,82
177,2009-11-18 15:53:00,ServerTech 10.02.08,10.41.136.222,TX-HOUW1-SVT-48XLS-RR100208,BA1,JUN-EX4200-2.2_PS2A,on,normal,1,164
178,2009-11-18 15:53:00,ServerTech 10.02.08,10.41.136.222,TX-HOUW1-SVT-48XLS-RR100208,BA2,JUN-EX4200-2.3_PS1A,on,normal,0.5,82
179,2009-11-18 15:53:00,ServerTech 10.02.08,10.41.136.222,TX-HOUW1-SVT-48XLS-RR100208,BA3,JUN-EX4200-2.3_PS2A,on,normal,0.75,123
180,2009-11-18 15:53:00,ServerTech 10.02.08,10.41.136.222,TX-HOUW1-SVT-48XLS-RR100208,BA4,TowerB_InfeedA_Outlet4,off,notOn,0,0
181,2009-11-18 15:53:00,ServerTech 10.02.08,10.41.136.222,TX-HOUW1-SVT-48XLS-RR100208,BA5,TowerB_InfeedA_Outlet5,off,notOn,0,0
182,2009-11-18 15:53:00,ServerTech 10.02.08,10.41.136.222,TX-HOUW1-SVT-48XLS-RR100208,BA6,TowerB_InfeedA_Outlet6,off,notOn,0,0
183,2009-11-18 15:53:00,ServerTech 10.02.08,10.41.136.222,TX-HOUW1-SVT-48XLS-RR100208,BA7,TowerB_InfeedA_Outlet7,off,notOn,0,0
184,2009-11-18 15:53:00,ServerTech 10.02.08,10.41.136.222,TX-HOUW1-SVT-48XLS-RR100208,BA8,TowerB_InfeedA_Outlet8,off,notOn,0,0
185,2009-11-18 15:53:00,ServerTech 10.02.08,10.41.136.222,TX-HOUW1-SVT-48XLS-RR100208,BB1,JUN-EX4200-2.2_PS2B,on,normal,0.75,123
186,2009-11-18 15:53:00,ServerTech 10.02.08,10.41.136.222,TX-HOUW1-SVT-48XLS-RR100208,BB2,JUN-EX4200-2.3_PS1B,on,normal,0.25,41
187,2009-11-18 15:53:00,ServerTech 10.02.08,10.41.136.222,TX-HOUW1-SVT-48XLS-RR100208,BB3,JUN-EX4200-2.3_PS2B,on,normal,0.75,123
188,2009-11-18 15:53:00,ServerTech 10.02.08,10.41.136.222,TX-HOUW1-SVT-48XLS-RR100208,BB4,TowerB_InfeedB_Outlet4,off,notOn,0,0
189,2009-11-18 15:53:00,ServerTech 10.02.08,10.41.136.222,TX-HOUW1-SVT-48XLS-RR100208,BB5,TowerB_InfeedB_Outlet5,off,notOn,0,0
190,2009-11-18 15:53:00,ServerTech 10.02.08,10.41.136.222,TX-HOUW1-SVT-48XLS-RR100208,BB6,TowerB_InfeedB_Outlet6,off,notOn,0,0
191,2009-11-18 15:53:00,ServerTech 10.02.08,10.41.136.222,TX-HOUW1-SVT-48XLS-RR100208,BB7,TowerB_InfeedB_Outlet7,off,notOn,0,0
192,2009-11-18 15:53:00,ServerTech 10.02.08,10.41.136.222,TX-HOUW1-SVT-48XLS-RR100208,BB8,TowerB_InfeedB_Outlet8,off,notOn,0,0
193,2009-11-18 15:53:00,ServerTech 10.03.01-1,10.41.136.223,TX-HOUW1-SVT-48XLS-RR100301-1,AA1,TowerA_InfeedA_Outlet1,off,notOn,0,0
194,2009-11-18 15:53:00,ServerTech 10.03.01-1,10.41.136.223,TX-HOUW1-SVT-48XLS-RR100301-1,AA2,TowerA_InfeedA_Outlet2,off,notOn,0,0
195,2009-11-18 15:53:00,ServerTech 10.03.01-1,10.41.136.223,TX-HOUW1-SVT-48XLS-RR100301-1,AA3,TowerA_InfeedA_Outlet3,off,notOn,0,0
196,2009-11-18 15:53:00,ServerTech 10.03.01-1,10.41.136.223,TX-HOUW1-SVT-48XLS-RR100301-1,AA4,TowerA_InfeedA_Outlet4,off,notOn,0,0
197,2009-11-18 15:53:00,ServerTech 10.03.01-1,10.41.136.223,TX-HOUW1-SVT-48XLS-RR100301-1,AA5,CIS-7609-1_PS1-A,on,normal,3,492
198,2009-11-18 15:53:00,ServerTech 10.03.01-1,10.41.136.223,TX-HOUW1-SVT-48XLS-RR100301-1,AA6,CIS-7609-1_PS1-C,on,normal,3,492
199,2009-11-18 15:53:00,ServerTech 10.03.01-1,10.41.136.223,TX-HOUW1-SVT-48XLS-RR100301-1,AA7,JUN-EX4200-2.1_PS2A,on,normal,0.5,82
200,2009-11-18 15:53:00,ServerTech 10.03.01-1,10.41.136.223,TX-HOUW1-SVT-48XLS-RR100301-1,AA8,JUN-EX4200-2.2_PS1A,on,normal,0.5,82
201,2009-11-18 15:53:00,ServerTech 10.03.01-1,10.41.136.223,TX-HOUW1-SVT-48XLS-RR100301-1,AB1,TowerA_InfeedB_Outlet1,off,notOn,0,0
202,2009-11-18 15:53:00,ServerTech 10.03.01-1,10.41.136.223,TX-HOUW1-SVT-48XLS-RR100301-1,AB2,TowerA_InfeedB_Outlet2,off,notOn,0,0
203,2009-11-18 15:53:00,ServerTech 10.03.01-1,10.41.136.223,TX-HOUW1-SVT-48XLS-RR100301-1,AB3,TowerA_InfeedB_Outlet3,off,notOn,0,0
204,2009-11-18 15:53:00,ServerTech 10.03.01-1,10.41.136.223,TX-HOUW1-SVT-48XLS-RR100301-1,AB4,TowerA_InfeedB_Outlet4,off,notOn,0,0
205,2009-11-18 15:53:00,ServerTech 10.03.01-1,10.41.136.223,TX-HOUW1-SVT-48XLS-RR100301-1,AB5,CIS-7609-1_PS2-A,on,normal,3,492
206,2009-11-18 15:53:00,ServerTech 10.03.01-1,10.41.136.223,TX-HOUW1-SVT-48XLS-RR100301-1,AB6,CIS-7609-1_PS2-C,on,normal,3.5,574
207,2009-11-18 15:53:00,ServerTech 10.03.01-1,10.41.136.223,TX-HOUW1-SVT-48XLS-RR100301-1,AB7,JUN-EX4200-2.1_PS2B,on,normal,0.5,82
208,2009-11-18 15:53:00,ServerTech 10.03.01-1,10.41.136.223,TX-HOUW1-SVT-48XLS-RR100301-1,AB8,JUN-EX4200-2.2_PS1B,on,normal,0.5,82
209,2009-11-18 15:53:00,ServerTech 10.03.01-1,10.41.136.223,TX-HOUW1-SVT-48XLS-RR100301-1,BA1,TowerB_InfeedA_Outlet1,off,notOn,0,0
210,2009-11-18 15:53:00,ServerTech 10.03.01-1,10.41.136.223,TX-HOUW1-SVT-48XLS-RR100301-1,BA2,TowerB_InfeedA_Outlet2,off,notOn,0,0
211,2009-11-18 15:53:00,ServerTech 10.03.01-1,10.41.136.223,TX-HOUW1-SVT-48XLS-RR100301-1,BA3,TowerB_InfeedA_Outlet3,off,notOn,0,0
212,2009-11-18 15:53:00,ServerTech 10.03.01-1,10.41.136.223,TX-HOUW1-SVT-48XLS-RR100301-1,BA4,TowerB_InfeedA_Outlet4,off,notOn,0,0
213,2009-11-18 15:53:00,ServerTech 10.03.01-1,10.41.136.223,TX-HOUW1-SVT-48XLS-RR100301-1,BA5,CIS-7609-1_PS1-B,on,normal,3,492
214,2009-11-18 15:53:00,ServerTech 10.03.01-1,10.41.136.223,TX-HOUW1-SVT-48XLS-RR100301-1,BA6,CIS-7609-1_PS1-D,on,normal,3.5,574
215,2009-11-18 15:53:00,ServerTech 10.03.01-1,10.41.136.223,TX-HOUW1-SVT-48XLS-RR100301-1,BA7,TowerB_InfeedA_Outlet7,off,notOn,0,0
216,2009-11-18 15:53:00,ServerTech 10.03.01-1,10.41.136.223,TX-HOUW1-SVT-48XLS-RR100301-1,BA8,TowerB_InfeedA_Outlet8,off,notOn,0,0
217,2009-11-18 15:53:00,ServerTech 10.03.01-1,10.41.136.223,TX-HOUW1-SVT-48XLS-RR100301-1,BB1,TowerB_InfeedB_Outlet1,off,notOn,0,0
218,2009-11-18 15:53:00,ServerTech 10.03.01-1,10.41.136.223,TX-HOUW1-SVT-48XLS-RR100301-1,BB2,TowerB_InfeedB_Outlet2,off,notOn,0,0
219,2009-11-18 15:53:00,ServerTech 10.03.01-1,10.41.136.223,TX-HOUW1-SVT-48XLS-RR100301-1,BB3,TowerB_InfeedB_Outlet3,off,notOn,0,0
220,2009-11-18 15:53:00,ServerTech 10.03.01-1,10.41.136.223,TX-HOUW1-SVT-48XLS-RR100301-1,BB4,TowerB_InfeedB_Outlet4,off,notOn,0,0
221,2009-11-18 15:53:00,ServerTech 10.03.01-1,10.41.136.223,TX-HOUW1-SVT-48XLS-RR100301-1,BB5,CIS-7609-1_PS2-B,on,normal,3,492
222,2009-11-18 15:53:00,ServerTech 10.03.01-1,10.41.136.223,TX-HOUW1-SVT-48XLS-RR100301-1,BB6,CIS-7609-1_PS2-D,on,normal,3,492
223,2009-11-18 15:53:00,ServerTech 10.03.01-1,10.41.136.223,TX-HOUW1-SVT-48XLS-RR100301-1,BB7,TowerB_InfeedB_Outlet7,off,notOn,0,0
224,2009-11-18 15:53:00,ServerTech 10.03.01-1,10.41.136.223,TX-HOUW1-SVT-48XLS-RR100301-1,BB8,TowerB_InfeedB_Outlet8,off,notOn,0,0
225,2009-11-18 15:53:00,ServerTech 10.03.02-1,10.41.136.225,TX-HOUW1-SVT-48XLS-RR100302-1,AA1,TowerA_InfeedA_Outlet1,off,notOn,0,0
226,2009-11-18 15:53:00,ServerTech 10.03.02-1,10.41.136.225,TX-HOUW1-SVT-48XLS-RR100302-1,AA2,TowerA_InfeedA_Outlet2,off,notOn,0,0
227,2009-11-18 15:53:00,ServerTech 10.03.02-1,10.41.136.225,TX-HOUW1-SVT-48XLS-RR100302-1,AA3,TowerA_InfeedA_Outlet3,off,notOn,0,0
228,2009-11-18 15:53:00,ServerTech 10.03.02-1,10.41.136.225,TX-HOUW1-SVT-48XLS-RR100302-1,AA4,TowerA_InfeedA_Outlet4,off,notOn,0,0
229,2009-11-18 15:53:00,ServerTech 10.03.02-1,10.41.136.225,TX-HOUW1-SVT-48XLS-RR100302-1,AA5,CIS-7609-2_PS1-A,on,normal,2.5,410
230,2009-11-18 15:53:00,ServerTech 10.03.02-1,10.41.136.225,TX-HOUW1-SVT-48XLS-RR100302-1,AA6,CIS-7609-2_PS1-C,on,normal,3.5,574
231,2009-11-18 15:53:00,ServerTech 10.03.02-1,10.41.136.225,TX-HOUW1-SVT-48XLS-RR100302-1,AA7,JUN-EX4200-2.1_PS2A,on,normal,0.5,82
232,2009-11-18 15:53:00,ServerTech 10.03.02-1,10.41.136.225,TX-HOUW1-SVT-48XLS-RR100302-1,AA8,JUN-EX4200-2.2_PS1A,on,normal,0.5,82
233,2009-11-18 15:53:00,ServerTech 10.03.02-1,10.41.136.225,TX-HOUW1-SVT-48XLS-RR100302-1,AB1,TowerA_InfeedB_Outlet1,off,notOn,0,0
234,2009-11-18 15:53:00,ServerTech 10.03.02-1,10.41.136.225,TX-HOUW1-SVT-48XLS-RR100302-1,AB2,TowerA_InfeedB_Outlet2,off,notOn,0,0
235,2009-11-18 15:53:00,ServerTech 10.03.02-1,10.41.136.225,TX-HOUW1-SVT-48XLS-RR100302-1,AB3,TowerA_InfeedB_Outlet3,off,notOn,0,0
236,2009-11-18 15:53:00,ServerTech 10.03.02-1,10.41.136.225,TX-HOUW1-SVT-48XLS-RR100302-1,AB4,TowerA_InfeedB_Outlet4,off,notOn,0,0
237,2009-11-18 15:53:00,ServerTech 10.03.02-1,10.41.136.225,TX-HOUW1-SVT-48XLS-RR100302-1,AB5,CIS-7609-2_PS2-A,on,normal,3.5,574
238,2009-11-18 15:53:00,ServerTech 10.03.02-1,10.41.136.225,TX-HOUW1-SVT-48XLS-RR100302-1,AB6,CIS-7609-2_PS2-C,noComm,noComm,-1,-1
239,2009-11-18 15:53:00,ServerTech 10.03.02-1,10.41.136.225,TX-HOUW1-SVT-48XLS-RR100302-1,AB7,JUN-EX4200-2.1_PS2B,on,normal,0.5,82
240,2009-11-18 15:53:00,ServerTech 10.03.02-1,10.41.136.225,TX-HOUW1-SVT-48XLS-RR100302-1,AB8,JUN-EX4200-2.2_PS1B,on,normal,0.5,82
241,2009-11-18 15:53:00,ServerTech 10.03.02-1,10.41.136.225,TX-HOUW1-SVT-48XLS-RR100302-1,BA1,TowerB_InfeedA_Outlet1,off,notOn,0,0
242,2009-11-18 15:53:00,ServerTech 10.03.02-1,10.41.136.225,TX-HOUW1-SVT-48XLS-RR100302-1,BA2,TowerB_InfeedA_Outlet2,off,notOn,0,0
243,2009-11-18 15:53:00,ServerTech 10.03.02-1,10.41.136.225,TX-HOUW1-SVT-48XLS-RR100302-1,BA3,TowerB_InfeedA_Outlet3,off,notOn,0,0
244,2009-11-18 15:53:00,ServerTech 10.03.02-1,10.41.136.225,TX-HOUW1-SVT-48XLS-RR100302-1,BA4,TowerB_InfeedA_Outlet4,off,notOn,0,0
245,2009-11-18 15:53:00,ServerTech 10.03.02-1,10.41.136.225,TX-HOUW1-SVT-48XLS-RR100302-1,BA5,CIS-7609-2_PS1-B,on,normal,3,492
246,2009-11-18 15:53:00,ServerTech 10.03.02-1,10.41.136.225,TX-HOUW1-SVT-48XLS-RR100302-1,BA6,CIS-7609-2_PS1-D,on,normal,3,492
247,2009-11-18 15:53:00,ServerTech 10.03.02-1,10.41.136.225,TX-HOUW1-SVT-48XLS-RR100302-1,BA7,TowerB_InfeedA_Outlet7,off,notOn,0,0
248,2009-11-18 15:53:00,ServerTech 10.03.02-1,10.41.136.225,TX-HOUW1-SVT-48XLS-RR100302-1,BA8,TowerB_InfeedA_Outlet8,off,notOn,0,0
249,2009-11-18 15:53:00,ServerTech 10.03.02-1,10.41.136.225,TX-HOUW1-SVT-48XLS-RR100302-1,BB1,TowerB_InfeedB_Outlet1,off,notOn,0,0
250,2009-11-18 15:53:00,ServerTech 10.03.02-1,10.41.136.225,TX-HOUW1-SVT-48XLS-RR100302-1,BB2,TowerB_InfeedB_Outlet2,off,notOn,0,0
251,2009-11-18 15:53:00,ServerTech 10.03.02-1,10.41.136.225,TX-HOUW1-SVT-48XLS-RR100302-1,BB3,TowerB_InfeedB_Outlet3,off,notOn,0,0
252,2009-11-18 15:53:00,ServerTech 10.03.02-1,10.41.136.225,TX-HOUW1-SVT-48XLS-RR100302-1,BB4,TowerB_InfeedB_Outlet4,off,notOn,0,0
253,2009-11-18 15:53:00,ServerTech 10.03.02-1,10.41.136.225,TX-HOUW1-SVT-48XLS-RR100302-1,BB5,CIS-7609-2_PS2-B,on,normal,3,492
254,2009-11-18 15:53:00,ServerTech 10.03.02-1,10.41.136.225,TX-HOUW1-SVT-48XLS-RR100302-1,BB6,CIS-7609-2_PS2-D,on,normal,3,492
255,2009-11-18 15:53:00,ServerTech 10.03.02-1,10.41.136.225,TX-HOUW1-SVT-48XLS-RR100302-1,BB7,TowerB_InfeedB_Outlet7,off,notOn,0,0
256,2009-11-18 15:53:00,ServerTech 10.03.02-1,10.41.136.225,TX-HOUW1-SVT-48XLS-RR100302-1,BB8,TowerB_InfeedB_Outlet8,off,notOn,0,0
257,2009-11-18 15:53:00,ServerTech 10.03.02-2,10.41.136.226,TX-HOUW1-SVT-48XLS-RR100302-2,AA1,TowerA_InfeedA_Outlet1,off,notOn,0,0
258,2009-11-18 15:53:00,ServerTech 10.03.02-2,10.41.136.226,TX-HOUW1-SVT-48XLS-RR100302-2,AA2,TowerA_InfeedA_Outlet2,off,notOn,0,0
259,2009-11-18 15:53:00,ServerTech 10.03.02-2,10.41.136.226,TX-HOUW1-SVT-48XLS-RR100302-2,AA3,TowerA_InfeedA_Outlet3,off,notOn,0,0
260,2009-11-18 15:53:00,ServerTech 10.03.02-2,10.41.136.226,TX-HOUW1-SVT-48XLS-RR100302-2,AA4,TowerA_InfeedA_Outlet4,off,notOn,0,0
261,2009-11-18 15:53:00,ServerTech 10.03.02-2,10.41.136.226,TX-HOUW1-SVT-48XLS-RR100302-2,AA5,SDV-PTS-2_PS1,on,normal,5.5,902
262,2009-11-18 15:53:00,ServerTech 10.03.02-2,10.41.136.226,TX-HOUW1-SVT-48XLS-RR100302-2,AA6,TowerA_InfeedA_Outlet6,off,notOn,0,0
263,2009-11-18 15:53:00,ServerTech 10.03.02-2,10.41.136.226,TX-HOUW1-SVT-48XLS-RR100302-2,AA7,JUN-EX4200-2.1_PS2A,on,normal,0.5,82
264,2009-11-18 15:53:00,ServerTech 10.03.02-2,10.41.136.226,TX-HOUW1-SVT-48XLS-RR100302-2,AA8,JUN-EX4200-2.2_PS1A,on,normal,0.5,82
265,2009-11-18 15:53:00,ServerTech 10.03.02-2,10.41.136.226,TX-HOUW1-SVT-48XLS-RR100302-2,AB1,TowerA_InfeedB_Outlet1,off,notOn,0,0
266,2009-11-18 15:53:00,ServerTech 10.03.02-2,10.41.136.226,TX-HOUW1-SVT-48XLS-RR100302-2,AB2,TowerA_InfeedB_Outlet2,off,notOn,0,0
267,2009-11-18 15:53:00,ServerTech 10.03.02-2,10.41.136.226,TX-HOUW1-SVT-48XLS-RR100302-2,AB3,TowerA_InfeedB_Outlet3,off,notOn,0,0
268,2009-11-18 15:53:00,ServerTech 10.03.02-2,10.41.136.226,TX-HOUW1-SVT-48XLS-RR100302-2,AB4,TowerA_InfeedB_Outlet4,off,notOn,0,0
269,2009-11-18 15:53:00,ServerTech 10.03.02-2,10.41.136.226,TX-HOUW1-SVT-48XLS-RR100302-2,AB5,SDV-PTS-2_PS2,on,normal,6,984
270,2009-11-18 15:53:00,ServerTech 10.03.02-2,10.41.136.226,TX-HOUW1-SVT-48XLS-RR100302-2,AB6,TowerA_InfeedB_Outlet6,off,notOn,0,0
271,2009-11-18 15:53:00,ServerTech 10.03.02-2,10.41.136.226,TX-HOUW1-SVT-48XLS-RR100302-2,AB7,JUN-EX4200-2.1_PS2B,on,normal,0.5,82
272,2009-11-18 15:53:00,ServerTech 10.03.02-2,10.41.136.226,TX-HOUW1-SVT-48XLS-RR100302-2,AB8,JUN-EX4200-2.2_PS1B,on,normal,0.5,82
273,2009-11-18 15:53:00,ServerTech 10.03.02-2,10.41.136.226,TX-HOUW1-SVT-48XLS-RR100302-2,BA1,TowerB_InfeedA_Outlet1,off,notOn,0,0
274,2009-11-18 15:53:00,ServerTech 10.03.02-2,10.41.136.226,TX-HOUW1-SVT-48XLS-RR100302-2,BA2,TowerB_InfeedA_Outlet2,off,notOn,0,0
275,2009-11-18 15:53:00,ServerTech 10.03.02-2,10.41.136.226,TX-HOUW1-SVT-48XLS-RR100302-2,BA3,TowerB_InfeedA_Outlet3,off,notOn,0,0
276,2009-11-18 15:53:00,ServerTech 10.03.02-2,10.41.136.226,TX-HOUW1-SVT-48XLS-RR100302-2,BA4,TowerB_InfeedA_Outlet4,off,notOn,0,0
277,2009-11-18 15:53:00,ServerTech 10.03.02-2,10.41.136.226,TX-HOUW1-SVT-48XLS-RR100302-2,BA5,CIS-7609-2_PS1-B,on,normal,3,492
278,2009-11-18 15:53:00,ServerTech 10.03.02-2,10.41.136.226,TX-HOUW1-SVT-48XLS-RR100302-2,BA6,CIS-7609-2_PS1-D,on,normal,3,492
279,2009-11-18 15:53:00,ServerTech 10.03.02-2,10.41.136.226,TX-HOUW1-SVT-48XLS-RR100302-2,BA7,TowerB_InfeedA_Outlet7,off,notOn,0,0
280,2009-11-18 15:53:00,ServerTech 10.03.02-2,10.41.136.226,TX-HOUW1-SVT-48XLS-RR100302-2,BA8,TowerB_InfeedA_Outlet8,off,notOn,0,0
281,2009-11-18 15:53:00,ServerTech 10.03.02-2,10.41.136.226,TX-HOUW1-SVT-48XLS-RR100302-2,BB1,TowerB_InfeedB_Outlet1,off,notOn,0,0
282,2009-11-18 15:53:00,ServerTech 10.03.02-2,10.41.136.226,TX-HOUW1-SVT-48XLS-RR100302-2,BB2,TowerB_InfeedB_Outlet2,off,notOn,0,0
283,2009-11-18 15:53:00,ServerTech 10.03.02-2,10.41.136.226,TX-HOUW1-SVT-48XLS-RR100302-2,BB3,TowerB_InfeedB_Outlet3,off,notOn,0,0
284,2009-11-18 15:53:00,ServerTech 10.03.02-2,10.41.136.226,TX-HOUW1-SVT-48XLS-RR100302-2,BB4,TowerB_InfeedB_Outlet4,off,notOn,0,0
285,2009-11-18 15:53:00,ServerTech 10.03.02-2,10.41.136.226,TX-HOUW1-SVT-48XLS-RR100302-2,BB5,CIS-7609-2_PS2-B,on,normal,3,492
286,2009-11-18 15:53:00,ServerTech 10.03.02-2,10.41.136.226,TX-HOUW1-SVT-48XLS-RR100302-2,BB6,CIS-7609-2_PS2-D,on,normal,3,492
287,2009-11-18 15:53:00,ServerTech 10.03.02-2,10.41.136.226,TX-HOUW1-SVT-48XLS-RR100302-2,BB7,TowerB_InfeedB_Outlet7,off,notOn,0,0
288,2009-11-18 15:53:00,ServerTech 10.03.02-2,10.41.136.226,TX-HOUW1-SVT-48XLS-RR100302-2,BB8,TowerB_InfeedB_Outlet8,off,notOn,0,0
289,2009-11-18 15:53:00,ServerTech 10.03.03-1,10.41.136.227,TX-HOUW1-SVT-48XLS-RR100303-1,AA1,TowerA_InfeedA_Outlet1,off,notOn,0,0
290,2009-11-18 15:53:00,ServerTech 10.03.03-1,10.41.136.227,TX-HOUW1-SVT-48XLS-RR100303-1,AA2,TowerA_InfeedA_Outlet2,off,notOn,0,0
291,2009-11-18 15:53:00,ServerTech 10.03.03-1,10.41.136.227,TX-HOUW1-SVT-48XLS-RR100303-1,AA3,TowerA_InfeedA_Outlet3,off,notOn,0,0
292,2009-11-18 15:53:00,ServerTech 10.03.03-1,10.41.136.227,TX-HOUW1-SVT-48XLS-RR100303-1,AA4,TowerA_InfeedA_Outlet4,off,notOn,0,0
293,2009-11-18 15:53:00,ServerTech 10.03.03-1,10.41.136.227,TX-HOUW1-SVT-48XLS-RR100303-1,AA5,CIS-7609-3_PS1-A,on,normal,3,492
294,2009-11-18 15:53:00,ServerTech 10.03.03-1,10.41.136.227,TX-HOUW1-SVT-48XLS-RR100303-1,AA6,CIS-7609-3_PS1-C,on,normal,3,492
295,2009-11-18 15:53:00,ServerTech 10.03.03-1,10.41.136.227,TX-HOUW1-SVT-48XLS-RR100303-1,AA7,JUN-EX4200-2.1_PS2A,on,normal,0.5,82
296,2009-11-18 15:53:00,ServerTech 10.03.03-1,10.41.136.227,TX-HOUW1-SVT-48XLS-RR100303-1,AA8,JUN-EX4200-2.2_PS1A,on,normal,0.5,82
297,2009-11-18 15:53:00,ServerTech 10.03.03-1,10.41.136.227,TX-HOUW1-SVT-48XLS-RR100303-1,AB1,TowerA_InfeedB_Outlet1,off,notOn,0,0
298,2009-11-18 15:53:00,ServerTech 10.03.03-1,10.41.136.227,TX-HOUW1-SVT-48XLS-RR100303-1,AB2,TowerA_InfeedB_Outlet2,off,notOn,0,0
299,2009-11-18 15:53:00,ServerTech 10.03.03-1,10.41.136.227,TX-HOUW1-SVT-48XLS-RR100303-1,AB3,TowerA_InfeedB_Outlet3,off,notOn,0,0
300,2009-11-18 15:53:00,ServerTech 10.03.03-1,10.41.136.227,TX-HOUW1-SVT-48XLS-RR100303-1,AB4,TowerA_InfeedB_Outlet4,off,notOn,0,0
301,2009-11-18 15:53:00,ServerTech 10.03.03-1,10.41.136.227,TX-HOUW1-SVT-48XLS-RR100303-1,AB5,CIS-7609-3_PS2-A,on,normal,4,656
302,2009-11-18 15:53:00,ServerTech 10.03.03-1,10.41.136.227,TX-HOUW1-SVT-48XLS-RR100303-1,AB6,CIS-7609-3_PS2-C,on,normal,3,492
303,2009-11-18 15:53:00,ServerTech 10.03.03-1,10.41.136.227,TX-HOUW1-SVT-48XLS-RR100303-1,AB7,JUN-EX4200-2.1_PS2B,on,normal,0.5,82
304,2009-11-18 15:53:00,ServerTech 10.03.03-1,10.41.136.227,TX-HOUW1-SVT-48XLS-RR100303-1,AB8,JUN-EX4200-2.2_PS1B,on,normal,0.5,82
305,2009-11-18 15:53:00,ServerTech 10.03.03-1,10.41.136.227,TX-HOUW1-SVT-48XLS-RR100303-1,BA1,TowerB_InfeedA_Outlet1,off,notOn,0,0
306,2009-11-18 15:53:00,ServerTech 10.03.03-1,10.41.136.227,TX-HOUW1-SVT-48XLS-RR100303-1,BA2,TowerB_InfeedA_Outlet2,off,notOn,0,0
307,2009-11-18 15:53:00,ServerTech 10.03.03-1,10.41.136.227,TX-HOUW1-SVT-48XLS-RR100303-1,BA3,TowerB_InfeedA_Outlet3,off,notOn,0,0
308,2009-11-18 15:53:00,ServerTech 10.03.03-1,10.41.136.227,TX-HOUW1-SVT-48XLS-RR100303-1,BA4,TowerB_InfeedA_Outlet4,off,notOn,0,0
309,2009-11-18 15:53:00,ServerTech 10.03.03-1,10.41.136.227,TX-HOUW1-SVT-48XLS-RR100303-1,BA5,CIS-7609-3_PS1-B,on,normal,3,492
310,2009-11-18 15:53:00,ServerTech 10.03.03-1,10.41.136.227,TX-HOUW1-SVT-48XLS-RR100303-1,BA6,CIS-7609-3_PS1-D,on,normal,3.5,574
311,2009-11-18 15:53:00,ServerTech 10.03.03-1,10.41.136.227,TX-HOUW1-SVT-48XLS-RR100303-1,BA7,TowerB_InfeedA_Outlet7,off,notOn,0,0
312,2009-11-18 15:53:00,ServerTech 10.03.03-1,10.41.136.227,TX-HOUW1-SVT-48XLS-RR100303-1,BA8,TowerB_InfeedA_Outlet8,off,notOn,0,0
313,2009-11-18 15:53:00,ServerTech 10.03.03-1,10.41.136.227,TX-HOUW1-SVT-48XLS-RR100303-1,BB1,TowerB_InfeedB_Outlet1,off,notOn,0,0
314,2009-11-18 15:53:00,ServerTech 10.03.03-1,10.41.136.227,TX-HOUW1-SVT-48XLS-RR100303-1,BB2,TowerB_InfeedB_Outlet2,off,notOn,0,0
315,2009-11-18 15:53:00,ServerTech 10.03.03-1,10.41.136.227,TX-HOUW1-SVT-48XLS-RR100303-1,BB3,TowerB_InfeedB_Outlet3,off,notOn,0,0
316,2009-11-18 15:53:00,ServerTech 10.03.03-1,10.41.136.227,TX-HOUW1-SVT-48XLS-RR100303-1,BB4,TowerB_InfeedB_Outlet4,off,notOn,0,0
317,2009-11-18 15:53:00,ServerTech 10.03.03-1,10.41.136.227,TX-HOUW1-SVT-48XLS-RR100303-1,BB5,CIS-7609-3_PS2-B,on,normal,3.5,574
318,2009-11-18 15:53:00,ServerTech 10.03.03-1,10.41.136.227,TX-HOUW1-SVT-48XLS-RR100303-1,BB6,CIS-7609-3_PS2-D,on,normal,3,492
319,2009-11-18 15:53:00,ServerTech 10.03.03-1,10.41.136.227,TX-HOUW1-SVT-48XLS-RR100303-1,BB7,TowerB_InfeedB_Outlet7,off,notOn,0,0
320,2009-11-18 15:53:00,ServerTech 10.03.03-1,10.41.136.227,TX-HOUW1-SVT-48XLS-RR100303-1,BB8,TowerB_InfeedB_Outlet8,off,notOn,0,0
321,2009-11-18 15:53:00,ServerTech 10.03.03-2,10.41.136.228,TX-HOUW1-SVT-48XLS-RR100303-2,AA1,TowerA_InfeedA_Outlet1,off,notOn,0,0
322,2009-11-18 15:53:00,ServerTech 10.03.03-2,10.41.136.228,TX-HOUW1-SVT-48XLS-RR100303-2,AA2,TowerA_InfeedA_Outlet2,off,notOn,0,0
323,2009-11-18 15:53:00,ServerTech 10.03.03-2,10.41.136.228,TX-HOUW1-SVT-48XLS-RR100303-2,AA3,TowerA_InfeedA_Outlet3,off,notOn,0,0
324,2009-11-18 15:53:00,ServerTech 10.03.03-2,10.41.136.228,TX-HOUW1-SVT-48XLS-RR100303-2,AA4,TowerA_InfeedA_Outlet4,off,notOn,0,0
325,2009-11-18 15:53:00,ServerTech 10.03.03-2,10.41.136.228,TX-HOUW1-SVT-48XLS-RR100303-2,AA5,RBK-SE1200_PS-A1,on,normal,5,820
326,2009-11-18 15:53:00,ServerTech 10.03.03-2,10.41.136.228,TX-HOUW1-SVT-48XLS-RR100303-2,AA6,TowerA_InfeedA_Outlet6,off,notOn,0,0
327,2009-11-18 15:53:00,ServerTech 10.03.03-2,10.41.136.228,TX-HOUW1-SVT-48XLS-RR100303-2,AA7,JUN-EX4200-2.1_PS2A,on,normal,0.5,82
328,2009-11-18 15:53:00,ServerTech 10.03.03-2,10.41.136.228,TX-HOUW1-SVT-48XLS-RR100303-2,AA8,JUN-EX4200-2.2_PS1A,on,normal,0.5,82
329,2009-11-18 15:53:00,ServerTech 10.03.03-2,10.41.136.228,TX-HOUW1-SVT-48XLS-RR100303-2,AB1,TowerA_InfeedB_Outlet1,off,notOn,0,0
330,2009-11-18 15:53:00,ServerTech 10.03.03-2,10.41.136.228,TX-HOUW1-SVT-48XLS-RR100303-2,AB2,TowerA_InfeedB_Outlet2,off,notOn,0,0
331,2009-11-18 15:53:00,ServerTech 10.03.03-2,10.41.136.228,TX-HOUW1-SVT-48XLS-RR100303-2,AB3,TowerA_InfeedB_Outlet3,off,notOn,0,0
332,2009-11-18 15:53:00,ServerTech 10.03.03-2,10.41.136.228,TX-HOUW1-SVT-48XLS-RR100303-2,AB4,TowerA_InfeedB_Outlet4,off,notOn,0,0
333,2009-11-18 15:53:00,ServerTech 10.03.03-2,10.41.136.228,TX-HOUW1-SVT-48XLS-RR100303-2,AB5,RBK-SE1200-PS-B1,on,normal,4.5,738
334,2009-11-18 15:53:00,ServerTech 10.03.03-2,10.41.136.228,TX-HOUW1-SVT-48XLS-RR100303-2,AB6,TowerA_InfeedB_Outlet6,off,notOn,0,0
335,2009-11-18 15:53:00,ServerTech 10.03.03-2,10.41.136.228,TX-HOUW1-SVT-48XLS-RR100303-2,AB7,JUN-EX4200-2.1_PS2B,on,normal,0.5,82
336,2009-11-18 15:53:00,ServerTech 10.03.03-2,10.41.136.228,TX-HOUW1-SVT-48XLS-RR100303-2,AB8,JUN-EX4200-2.2_PS1B,on,normal,0.5,82
337,2009-11-18 15:53:00,ServerTech 10.03.03-2,10.41.136.228,TX-HOUW1-SVT-48XLS-RR100303-2,BA1,TowerB_InfeedA_Outlet1,off,notOn,0,0
338,2009-11-18 15:53:00,ServerTech 10.03.03-2,10.41.136.228,TX-HOUW1-SVT-48XLS-RR100303-2,BA2,TowerB_InfeedA_Outlet2,off,notOn,0,0
339,2009-11-18 15:53:00,ServerTech 10.03.03-2,10.41.136.228,TX-HOUW1-SVT-48XLS-RR100303-2,BA3,TowerB_InfeedA_Outlet3,off,notOn,0,0
340,2009-11-18 15:53:00,ServerTech 10.03.03-2,10.41.136.228,TX-HOUW1-SVT-48XLS-RR100303-2,BA4,TowerB_InfeedA_Outlet4,off,notOn,0,0
341,2009-11-18 15:53:00,ServerTech 10.03.03-2,10.41.136.228,TX-HOUW1-SVT-48XLS-RR100303-2,BA5,CIS-7609-3_PS1-B,on,normal,3,492
342,2009-11-18 15:53:00,ServerTech 10.03.03-2,10.41.136.228,TX-HOUW1-SVT-48XLS-RR100303-2,BA6,CIS-7609-3_PS1-D,on,normal,3.5,574
343,2009-11-18 15:53:00,ServerTech 10.03.03-2,10.41.136.228,TX-HOUW1-SVT-48XLS-RR100303-2,BA7,TowerB_InfeedA_Outlet7,off,notOn,0,0
344,2009-11-18 15:53:00,ServerTech 10.03.03-2,10.41.136.228,TX-HOUW1-SVT-48XLS-RR100303-2,BA8,TowerB_InfeedA_Outlet8,off,notOn,0,0
345,2009-11-18 15:53:00,ServerTech 10.03.03-2,10.41.136.228,TX-HOUW1-SVT-48XLS-RR100303-2,BB1,TowerB_InfeedB_Outlet1,off,notOn,0,0
346,2009-11-18 15:53:00,ServerTech 10.03.03-2,10.41.136.228,TX-HOUW1-SVT-48XLS-RR100303-2,BB2,TowerB_InfeedB_Outlet2,off,notOn,0,0
347,2009-11-18 15:53:00,ServerTech 10.03.03-2,10.41.136.228,TX-HOUW1-SVT-48XLS-RR100303-2,BB3,TowerB_InfeedB_Outlet3,off,notOn,0,0
348,2009-11-18 15:53:00,ServerTech 10.03.03-2,10.41.136.228,TX-HOUW1-SVT-48XLS-RR100303-2,BB4,TowerB_InfeedB_Outlet4,off,notOn,0,0
349,2009-11-18 15:53:00,ServerTech 10.03.03-2,10.41.136.228,TX-HOUW1-SVT-48XLS-RR100303-2,BB5,CIS-7609-3_PS2-B,on,normal,3.5,574
350,2009-11-18 15:53:00,ServerTech 10.03.03-2,10.41.136.228,TX-HOUW1-SVT-48XLS-RR100303-2,BB6,CIS-7609-3_PS2-D,on,normal,3,492
351,2009-11-18 15:53:00,ServerTech 10.03.03-2,10.41.136.228,TX-HOUW1-SVT-48XLS-RR100303-2,BB7,TowerB_InfeedB_Outlet7,off,notOn,0,0
352,2009-11-18 15:53:00,ServerTech 10.03.03-2,10.41.136.228,TX-HOUW1-SVT-48XLS-RR100303-2,BB8,TowerB_InfeedB_Outlet8,off,notOn,0,0
353,2009-11-18 15:53:00,ServerTech 10.03.04-1,10.41.136.229,TX-HOUW1-SVT-48XLS-RR100304,AA1,TowerA_InfeedA_Outlet1,off,notOn,0,0
354,2009-11-18 15:53:00,ServerTech 10.03.04-1,10.41.136.229,TX-HOUW1-SVT-48XLS-RR100304,AA2,TowerA_InfeedA_Outlet2,off,notOn,0,0
355,2009-11-18 15:53:00,ServerTech 10.03.04-1,10.41.136.229,TX-HOUW1-SVT-48XLS-RR100304,AA3,TowerA_InfeedA_Outlet3,off,notOn,0,0
356,2009-11-18 15:53:00,ServerTech 10.03.04-1,10.41.136.229,TX-HOUW1-SVT-48XLS-RR100304,AA4,TowerA_InfeedA_Outlet4,off,notOn,0,0
357,2009-11-18 15:53:00,ServerTech 10.03.04-1,10.41.136.229,TX-HOUW1-SVT-48XLS-RR100304,AA5,CIS-7609-4_PS1-A,on,normal,3,492
358,2009-11-18 15:53:00,ServerTech 10.03.04-1,10.41.136.229,TX-HOUW1-SVT-48XLS-RR100304,AA6,CIS-7609-4_PS1-C,on,normal,3,492
359,2009-11-18 15:53:00,ServerTech 10.03.04-1,10.41.136.229,TX-HOUW1-SVT-48XLS-RR100304,AA7,JUN-EX4200-2.1_PS2A,on,normal,0.5,82
360,2009-11-18 15:53:00,ServerTech 10.03.04-1,10.41.136.229,TX-HOUW1-SVT-48XLS-RR100304,AA8,JUN-EX4200-2.2_PS1A,on,normal,0.5,82
361,2009-11-18 15:53:00,ServerTech 10.03.04-1,10.41.136.229,TX-HOUW1-SVT-48XLS-RR100304,AB1,TowerA_InfeedB_Outlet1,off,notOn,0,0
362,2009-11-18 15:53:00,ServerTech 10.03.04-1,10.41.136.229,TX-HOUW1-SVT-48XLS-RR100304,AB2,TowerA_InfeedB_Outlet2,off,notOn,0,0
363,2009-11-18 15:53:00,ServerTech 10.03.04-1,10.41.136.229,TX-HOUW1-SVT-48XLS-RR100304,AB3,TowerA_InfeedB_Outlet3,off,notOn,0,0
364,2009-11-18 15:53:00,ServerTech 10.03.04-1,10.41.136.229,TX-HOUW1-SVT-48XLS-RR100304,AB4,TowerA_InfeedB_Outlet4,off,notOn,0,0
365,2009-11-18 15:53:00,ServerTech 10.03.04-1,10.41.136.229,TX-HOUW1-SVT-48XLS-RR100304,AB5,CIS-7609-4_PS2-A,on,normal,3.5,574
366,2009-11-18 15:53:00,ServerTech 10.03.04-1,10.41.136.229,TX-HOUW1-SVT-48XLS-RR100304,AB6,CIS-7609-4_PS2-C,on,normal,3,492
367,2009-11-18 15:53:00,ServerTech 10.03.04-1,10.41.136.229,TX-HOUW1-SVT-48XLS-RR100304,AB7,JUN-EX4200-2.1_PS2B,on,normal,0.5,82
368,2009-11-18 15:53:00,ServerTech 10.03.04-1,10.41.136.229,TX-HOUW1-SVT-48XLS-RR100304,AB8,JUN-EX4200-2.2_PS1B,on,normal,0.5,82
369,2009-11-18 15:53:00,ServerTech 10.03.04-1,10.41.136.229,TX-HOUW1-SVT-48XLS-RR100304,BA1,TowerB_InfeedA_Outlet1,off,notOn,0,0
370,2009-11-18 15:53:00,ServerTech 10.03.04-1,10.41.136.229,TX-HOUW1-SVT-48XLS-RR100304,BA2,TowerB_InfeedA_Outlet2,off,notOn,0,0
371,2009-11-18 15:53:00,ServerTech 10.03.04-1,10.41.136.229,TX-HOUW1-SVT-48XLS-RR100304,BA3,TowerB_InfeedA_Outlet3,off,notOn,0,0
372,2009-11-18 15:53:00,ServerTech 10.03.04-1,10.41.136.229,TX-HOUW1-SVT-48XLS-RR100304,BA4,TowerB_InfeedA_Outlet4,off,notOn,0,0
373,2009-11-18 15:53:00,ServerTech 10.03.04-1,10.41.136.229,TX-HOUW1-SVT-48XLS-RR100304,BA5,CIS-7609-4_PS1-B,on,normal,4,656
374,2009-11-18 15:53:00,ServerTech 10.03.04-1,10.41.136.229,TX-HOUW1-SVT-48XLS-RR100304,BA6,CIS-7609-4_PS1-D,on,normal,3,492
375,2009-11-18 15:53:00,ServerTech 10.03.04-1,10.41.136.229,TX-HOUW1-SVT-48XLS-RR100304,BA7,TowerB_InfeedA_Outlet7,off,notOn,0,0
376,2009-11-18 15:53:00,ServerTech 10.03.04-1,10.41.136.229,TX-HOUW1-SVT-48XLS-RR100304,BA8,TowerB_InfeedA_Outlet8,off,notOn,0,0
377,2009-11-18 15:53:00,ServerTech 10.03.04-1,10.41.136.229,TX-HOUW1-SVT-48XLS-RR100304,BB1,TowerB_InfeedB_Outlet1,off,notOn,0,0
378,2009-11-18 15:53:00,ServerTech 10.03.04-1,10.41.136.229,TX-HOUW1-SVT-48XLS-RR100304,BB2,TowerB_InfeedB_Outlet2,off,notOn,0,0
379,2009-11-18 15:53:00,ServerTech 10.03.04-1,10.41.136.229,TX-HOUW1-SVT-48XLS-RR100304,BB3,TowerB_InfeedB_Outlet3,off,notOn,0,0
380,2009-11-18 15:53:00,ServerTech 10.03.04-1,10.41.136.229,TX-HOUW1-SVT-48XLS-RR100304,BB4,TowerB_InfeedB_Outlet4,off,notOn,0,0
381,2009-11-18 15:53:00,ServerTech 10.03.04-1,10.41.136.229,TX-HOUW1-SVT-48XLS-RR100304,BB5,CIS-7609-4_PS2-B,on,normal,3,492
382,2009-11-18 15:53:00,ServerTech 10.03.04-1,10.41.136.229,TX-HOUW1-SVT-48XLS-RR100304,BB6,CIS-7609-4_PS2-D,on,normal,3,492
383,2009-11-18 15:53:00,ServerTech 10.03.04-1,10.41.136.229,TX-HOUW1-SVT-48XLS-RR100304,BB7,TowerB_InfeedB_Outlet7,off,notOn,0,0
384,2009-11-18 15:53:00,ServerTech 10.03.04-1,10.41.136.229,TX-HOUW1-SVT-48XLS-RR100304,BB8,TowerB_InfeedB_Outlet8,off,notOn,0,0
385,2009-11-18 15:53:00,ServerTech 10.03.05,10.41.136.230,TX-HOUW1-SVT-48XLS-RR100305,AA1,TowerA_InfeedA_Outlet1,off,notOn,0,0
386,2009-11-18 15:53:00,ServerTech 10.03.05,10.41.136.230,TX-HOUW1-SVT-48XLS-RR100305,AA2,TowerA_InfeedA_Outlet2,off,notOn,0,0
387,2009-11-18 15:53:00,ServerTech 10.03.05,10.41.136.230,TX-HOUW1-SVT-48XLS-RR100305,AA3,TowerA_InfeedA_Outlet3,off,notOn,0,0
388,2009-11-18 15:53:00,ServerTech 10.03.05,10.41.136.230,TX-HOUW1-SVT-48XLS-RR100305,AA4,TowerA_InfeedA_Outlet4,off,notOn,0,0
389,2009-11-18 15:53:00,ServerTech 10.03.05,10.41.136.230,TX-HOUW1-SVT-48XLS-RR100305,AA5,WWP-3300-1_PS-A1,on,normal,2.5,410
390,2009-11-18 15:53:00,ServerTech 10.03.05,10.41.136.230,TX-HOUW1-SVT-48XLS-RR100305,AA6,WWP-3300-1_PS-A2,on,normal,3,492
391,2009-11-18 15:53:00,ServerTech 10.03.05,10.41.136.230,TX-HOUW1-SVT-48XLS-RR100305,AA7,JUN-EX4200-2.1_PS2A,on,normal,0.5,82
392,2009-11-18 15:53:00,ServerTech 10.03.05,10.41.136.230,TX-HOUW1-SVT-48XLS-RR100305,AA8,JUN-EX4200-2.2_PS1A,on,normal,0.5,82
393,2009-11-18 15:53:00,ServerTech 10.03.05,10.41.136.230,TX-HOUW1-SVT-48XLS-RR100305,AB1,TowerA_InfeedB_Outlet1,off,notOn,0,0
394,2009-11-18 15:53:00,ServerTech 10.03.05,10.41.136.230,TX-HOUW1-SVT-48XLS-RR100305,AB2,TowerA_InfeedB_Outlet2,off,notOn,0,0
395,2009-11-18 15:53:00,ServerTech 10.03.05,10.41.136.230,TX-HOUW1-SVT-48XLS-RR100305,AB3,TowerA_InfeedB_Outlet3,off,notOn,0,0
396,2009-11-18 15:53:00,ServerTech 10.03.05,10.41.136.230,TX-HOUW1-SVT-48XLS-RR100305,AB4,TowerA_InfeedB_Outlet4,off,notOn,0,0
397,2009-11-18 15:53:00,ServerTech 10.03.05,10.41.136.230,TX-HOUW1-SVT-48XLS-RR100305,AB5,WWP-3300-1_PS-B1,on,normal,1.5,246
398,2009-11-18 15:53:00,ServerTech 10.03.05,10.41.136.230,TX-HOUW1-SVT-48XLS-RR100305,AB6,WWP-3300-1_PS-B2,on,normal,2.5,410
399,2009-11-18 15:53:00,ServerTech 10.03.05,10.41.136.230,TX-HOUW1-SVT-48XLS-RR100305,AB7,JUN-EX4200-2.1_PS2B,on,normal,0.5,82
400,2009-11-18 15:53:00,ServerTech 10.03.05,10.41.136.230,TX-HOUW1-SVT-48XLS-RR100305,AB8,JUN-EX4200-2.2_PS1B,on,normal,0.5,82
401,2009-11-18 15:53:00,ServerTech 10.03.05,10.41.136.230,TX-HOUW1-SVT-48XLS-RR100305,BA1,TowerB_InfeedA_Outlet1,off,notOn,0,0
402,2009-11-18 15:53:00,ServerTech 10.03.05,10.41.136.230,TX-HOUW1-SVT-48XLS-RR100305,BA2,TowerB_InfeedA_Outlet2,off,notOn,0,0
403,2009-11-18 15:53:00,ServerTech 10.03.05,10.41.136.230,TX-HOUW1-SVT-48XLS-RR100305,BA3,TowerB_InfeedA_Outlet3,off,notOn,0,0
404,2009-11-18 15:53:00,ServerTech 10.03.05,10.41.136.230,TX-HOUW1-SVT-48XLS-RR100305,BA4,TowerB_InfeedA_Outlet4,off,notOn,0,0
405,2009-11-18 15:53:00,ServerTech 10.03.05,10.41.136.230,TX-HOUW1-SVT-48XLS-RR100305,BA5,MOTO-CAPC-1_PEM-A,on,normal,6.5,1066
406,2009-11-18 15:53:00,ServerTech 10.03.05,10.41.136.230,TX-HOUW1-SVT-48XLS-RR100305,BA6,ADC-LS3600-1_PS1,on,normal,1,164
407,2009-11-18 15:53:00,ServerTech 10.03.05,10.41.136.230,TX-HOUW1-SVT-48XLS-RR100305,BA7,TowerB_InfeedA_Outlet7,off,notOn,0,0
408,2009-11-18 15:53:00,ServerTech 10.03.05,10.41.136.230,TX-HOUW1-SVT-48XLS-RR100305,BA8,TowerB_InfeedA_Outlet8,off,notOn,0,0
409,2009-11-18 15:53:00,ServerTech 10.03.05,10.41.136.230,TX-HOUW1-SVT-48XLS-RR100305,BB1,TowerB_InfeedB_Outlet1,off,notOn,0,0
410,2009-11-18 15:53:00,ServerTech 10.03.05,10.41.136.230,TX-HOUW1-SVT-48XLS-RR100305,BB2,TowerB_InfeedB_Outlet2,off,notOn,0,0
411,2009-11-18 15:53:00,ServerTech 10.03.05,10.41.136.230,TX-HOUW1-SVT-48XLS-RR100305,BB3,TowerB_InfeedB_Outlet3,off,notOn,0,0
412,2009-11-18 15:53:00,ServerTech 10.03.05,10.41.136.230,TX-HOUW1-SVT-48XLS-RR100305,BB4,TowerB_InfeedB_Outlet4,off,notOn,0,0
413,2009-11-18 15:53:00,ServerTech 10.03.05,10.41.136.230,TX-HOUW1-SVT-48XLS-RR100305,BB5,MOTO-CAPC-1_PEM-B,on,normal,7,1148
414,2009-11-18 15:53:00,ServerTech 10.03.05,10.41.136.230,TX-HOUW1-SVT-48XLS-RR100305,BB6,ADC-LS3600-1_PS2,on,normal,1,164
415,2009-11-18 15:53:00,ServerTech 10.03.05,10.41.136.230,TX-HOUW1-SVT-48XLS-RR100305,BB7,TowerB_InfeedB_Outlet7,off,notOn,0,0
416,2009-11-18 15:53:00,ServerTech 10.03.05,10.41.136.230,TX-HOUW1-SVT-48XLS-RR100305,BB8,TowerB_InfeedB_Outlet8,off,notOn,0,0
417,2009-11-18 15:53:00,ServerTech 10.03.06,10.41.136.231,TX-HOUW1-SVT-48XLS-RR100306,AA1,TowerA_InfeedA_Outlet1,off,notOn,0,0
418,2009-11-18 15:53:00,ServerTech 10.03.06,10.41.136.231,TX-HOUW1-SVT-48XLS-RR100306,AA2,TowerA_InfeedA_Outlet2,off,notOn,0,0
419,2009-11-18 15:53:00,ServerTech 10.03.06,10.41.136.231,TX-HOUW1-SVT-48XLS-RR100306,AA3,TowerA_InfeedA_Outlet3,off,notOn,0,0
420,2009-11-18 15:53:00,ServerTech 10.03.06,10.41.136.231,TX-HOUW1-SVT-48XLS-RR100306,AA4,TowerA_InfeedA_Outlet4,off,notOn,0,0
421,2009-11-18 15:53:00,ServerTech 10.03.06,10.41.136.231,TX-HOUW1-SVT-48XLS-RR100306,AA5,WWP-3300-2_PS-A1,on,normal,2.5,410
422,2009-11-18 15:53:00,ServerTech 10.03.06,10.41.136.231,TX-HOUW1-SVT-48XLS-RR100306,AA6,WWP-3300-2_PS-A2,on,normal,1.5,246
423,2009-11-18 15:53:00,ServerTech 10.03.06,10.41.136.231,TX-HOUW1-SVT-48XLS-RR100306,AA7,JUN-EX4200-2.1_PS2A,on,normal,0.5,82
424,2009-11-18 15:53:00,ServerTech 10.03.06,10.41.136.231,TX-HOUW1-SVT-48XLS-RR100306,AA8,JUN-EX4200-2.2_PS1A,on,normal,0.5,82
425,2009-11-18 15:53:00,ServerTech 10.03.06,10.41.136.231,TX-HOUW1-SVT-48XLS-RR100306,AB1,TowerA_InfeedB_Outlet1,off,notOn,0,0
426,2009-11-18 15:53:00,ServerTech 10.03.06,10.41.136.231,TX-HOUW1-SVT-48XLS-RR100306,AB2,TowerA_InfeedB_Outlet2,off,notOn,0,0
427,2009-11-18 15:53:00,ServerTech 10.03.06,10.41.136.231,TX-HOUW1-SVT-48XLS-RR100306,AB3,TowerA_InfeedB_Outlet3,off,notOn,0,0
428,2009-11-18 15:53:00,ServerTech 10.03.06,10.41.136.231,TX-HOUW1-SVT-48XLS-RR100306,AB4,TowerA_InfeedB_Outlet4,off,notOn,0,0
429,2009-11-18 15:53:00,ServerTech 10.03.06,10.41.136.231,TX-HOUW1-SVT-48XLS-RR100306,AB5,WWP-3300-2_PS-B1,on,normal,3,492
430,2009-11-18 15:53:00,ServerTech 10.03.06,10.41.136.231,TX-HOUW1-SVT-48XLS-RR100306,AB6,WWP-3300-2_PS-B2,on,normal,2.5,410
431,2009-11-18 15:53:00,ServerTech 10.03.06,10.41.136.231,TX-HOUW1-SVT-48XLS-RR100306,AB7,JUN-EX4200-2.1_PS2B,on,normal,0.5,82
432,2009-11-18 15:53:00,ServerTech 10.03.06,10.41.136.231,TX-HOUW1-SVT-48XLS-RR100306,AB8,JUN-EX4200-2.2_PS1B,on,normal,0.5,82
433,2009-11-18 15:53:00,ServerTech 10.03.06,10.41.136.231,TX-HOUW1-SVT-48XLS-RR100306,BA1,TowerB_InfeedA_Outlet1,off,notOn,0,0
434,2009-11-18 15:53:00,ServerTech 10.03.06,10.41.136.231,TX-HOUW1-SVT-48XLS-RR100306,BA2,TowerB_InfeedA_Outlet2,off,notOn,0,0
435,2009-11-18 15:53:00,ServerTech 10.03.06,10.41.136.231,TX-HOUW1-SVT-48XLS-RR100306,BA3,TowerB_InfeedA_Outlet3,off,notOn,0,0
436,2009-11-18 15:53:00,ServerTech 10.03.06,10.41.136.231,TX-HOUW1-SVT-48XLS-RR100306,BA4,TowerB_InfeedA_Outlet4,off,notOn,0,0
437,2009-11-18 15:53:00,ServerTech 10.03.06,10.41.136.231,TX-HOUW1-SVT-48XLS-RR100306,BA5,MOTO-CAPC_PEM-A,on,normal,7,1148
438,2009-11-18 15:53:00,ServerTech 10.03.06,10.41.136.231,TX-HOUW1-SVT-48XLS-RR100306,BA6,ADC-LS3600-2_PS1,on,normal,1.5,246
439,2009-11-18 15:53:00,ServerTech 10.03.06,10.41.136.231,TX-HOUW1-SVT-48XLS-RR100306,BA7,TowerB_InfeedA_Outlet7,off,notOn,0,0
440,2009-11-18 15:53:00,ServerTech 10.03.06,10.41.136.231,TX-HOUW1-SVT-48XLS-RR100306,BA8,TowerB_InfeedA_Outlet8,off,notOn,0,0
441,2009-11-18 15:53:00,ServerTech 10.03.06,10.41.136.231,TX-HOUW1-SVT-48XLS-RR100306,BB1,TowerB_InfeedB_Outlet1,off,notOn,0,0
442,2009-11-18 15:53:00,ServerTech 10.03.06,10.41.136.231,TX-HOUW1-SVT-48XLS-RR100306,BB2,TowerB_InfeedB_Outlet2,off,notOn,0,0
443,2009-11-18 15:53:00,ServerTech 10.03.06,10.41.136.231,TX-HOUW1-SVT-48XLS-RR100306,BB3,TowerB_InfeedB_Outlet3,off,notOn,0,0
444,2009-11-18 15:53:00,ServerTech 10.03.06,10.41.136.231,TX-HOUW1-SVT-48XLS-RR100306,BB4,TowerB_InfeedB_Outlet4,off,notOn,0,0
445,2009-11-18 15:53:00,ServerTech 10.03.06,10.41.136.231,TX-HOUW1-SVT-48XLS-RR100306,BB5,MOTO-CAPC-2_PEM-B,on,normal,6,984
446,2009-11-18 15:53:00,ServerTech 10.03.06,10.41.136.231,TX-HOUW1-SVT-48XLS-RR100306,BB6,ADC-LS3600-2_PS2,on,normal,1,164
447,2009-11-18 15:53:00,ServerTech 10.03.06,10.41.136.231,TX-HOUW1-SVT-48XLS-RR100306,BB7,TowerB_InfeedB_Outlet7,off,notOn,0,0
448,2009-11-18 15:53:00,ServerTech 10.03.06,10.41.136.231,TX-HOUW1-SVT-48XLS-RR100306,BB8,TowerB_InfeedB_Outlet8,off,notOn,0,0
